region,tenure,age,marital,address,income,ed,employ,retire,gender,reside,longmon,longten,internet,ebill,loglong,logequi,logcard,logwire,lninc,custcat,churn
2,13,44,1,9,64,4,5,0,0,2,3.7,37.45,0,0,1.30833282,,2.014903021,,4.158883083,1,1
3,11,33,1,7,136,5,5,0,0,6,4.4,42,0,0,1.481604541,,2.724579503,3.575150689,4.912654886,4,1
3,68,52,1,24,116,1,29,0,1,2,18.15,1300.6,0,0,2.898670561,,3.409496184,,4.753590191,3,0
2,33,33,0,12,33,2,0,0,1,1,9.45,288.8,0,0,2.246014742,,,,3.496507561,1,1
2,23,30,1,9,30,1,2,0,0,4,6.3,157.05,0,0,1.840549633,,,,3.401197382,3,0
2,41,39,0,17,78,2,16,0,1,1,11.8,487.4,0,0,2.468099531,,2.602689685,,4.356708827,3,0
3,45,22,1,2,19,2,4,0,1,5,10.9,504.5,1,1,2.388762789,,2.1690537,,2.944438979,2,1
2,38,35,0,5,76,2,10,0,0,3,6.05,239.55,1,1,1.800058272,3.914021008,3.146305132,4.172847624,4.33073334,4,0
3,45,59,1,7,166,4,31,0,0,5,9.75,449.05,0,0,2.277267285,,2.48490665,,5.111987788,3,0
1,68,41,1,21,72,1,22,0,0,3,24.15,1659.7,0,0,3.18428438,,2.803360381,,4.276666119,2,0
2,5,33,0,10,125,4,5,0,1,1,4.85,17.25,1,1,1.578978705,3.263849191,,,4.828313737,1,1
3,7,35,0,14,80,2,15,0,1,1,7.1,47.45,0,0,1.960094784,,3.16758253,,4.382026635,3,0
1,41,38,1,8,37,2,9,0,1,3,8.55,308.7,0,0,2.145931283,,3.731699451,,3.610917913,1,0
2,57,54,1,30,115,4,23,0,1,3,15.6,825.35,1,1,2.747270914,3.843744165,,4.111693201,4.744932128,4,1
2,9,46,0,3,25,1,8,0,1,2,4.4,36.8,0,0,1.481604541,,,,3.218875825,1,0
1,29,38,1,12,75,5,1,0,0,4,5.1,146.25,1,0,1.62924054,3.409496184,2.420368129,,4.317488114,2,0
3,60,57,0,38,162,2,30,0,0,1,16.15,946.9,0,0,2.78192005,3.443618098,3.401197382,,5.087596335,3,0
3,34,48,0,3,49,2,6,0,1,3,6.65,230.8,0,0,1.894616855,,,,3.891820298,3,0
2,1,24,0,3,20,1,3,0,0,1,1.05,1.05,0,0,0.048790164,,,,2.995732274,1,0
1,26,29,1,3,77,4,2,0,0,4,6.7,140.95,1,1,1.902107526,3.873282177,3.188416617,3.645449896,4.343805422,4,1
3,6,30,0,7,16,3,1,0,1,1,3.75,25.65,1,0,1.32175584,3.520460802,,2.928523524,2.772588722,2,1
1,68,52,1,17,120,1,24,0,0,2,20.7,1391.05,0,0,3.0301337,,3.091042453,,4.787491743,1,0
3,53,33,0,10,101,5,4,0,1,2,5.3,253.35,1,1,1.667706821,3.903990834,3.286534473,3.939638172,4.615120517,4,0
3,55,48,1,19,67,1,25,0,0,3,15.05,810.45,0,0,2.711377991,,3.305053521,,4.204692619,1,0
3,14,43,1,18,36,1,5,0,0,5,12.5,153.75,0,0,2.525728644,,2.890371758,,3.583518938,3,0
2,1,21,0,0,33,2,0,0,1,3,2.2,2.2,0,0,0.78845736,,3.701301974,,3.496507561,3,0
2,42,40,0,7,37,2,8,0,1,1,8.25,399.15,1,1,2.1102132,3.608211551,3.33220451,3.621670704,3.610917913,4,0
3,25,33,1,11,31,1,5,0,0,4,9.1,234.95,0,0,2.208274414,,,,3.433987204,3,0
1,9,21,1,1,17,2,2,0,1,3,2.9,25.25,0,0,1.064710737,,,,2.833213344,1,0
2,13,33,1,9,19,4,0,0,1,2,5.55,75.25,1,1,1.713797928,3.308716529,,,2.944438979,2,0
1,56,37,1,6,36,1,13,0,1,2,10.6,582.6,1,1,2.360854001,3.437207819,2.90416508,,3.583518938,2,0
1,71,53,1,27,155,5,12,0,0,2,21,1519.2,1,1,3.044522438,,3.526360525,3.911022505,5.043425117,4,0
1,35,50,1,26,140,2,21,0,1,4,6.5,247.55,0,0,1.871802177,,3.555348061,,4.941642423,3,0
1,11,27,1,8,55,5,0,0,0,3,4.8,54.1,1,0,1.568615918,2.972975286,,,4.007333185,2,0
2,60,46,1,13,163,3,24,0,0,2,33.9,1947.95,1,1,3.523415014,3.798854307,2.621038824,4.01186834,5.093750201,4,0
3,20,35,1,11,52,4,0,0,0,2,4.25,82.7,1,1,1.446918983,3.419364686,,,3.951243719,2,1
2,54,60,0,38,211,4,25,0,0,1,21.15,1228.7,1,1,3.051639905,3.836221292,3.993602992,4.004602187,5.351858133,4,0
1,44,57,1,1,186,2,17,0,0,2,9.8,428.25,0,0,2.282382386,,3.583518938,3.729301369,5.225746674,3,0
1,11,41,1,0,39,1,1,0,1,2,6.55,67.8,0,0,1.87946505,,2.983153491,,3.663561646,3,1
2,72,57,0,34,22,2,35,1,1,1,41.75,3043.05,0,0,3.731699451,,2.931193752,,3.091042453,3,0
3,10,41,0,7,30,1,7,0,0,1,2.5,31.25,0,0,0.916290732,,3.984343667,,3.401197382,3,0
2,15,28,0,0,29,2,4,0,1,1,4.25,78,0,0,1.446918983,,2.876385516,,3.36729583,3,0
2,27,28,1,4,23,2,8,0,0,5,6.2,180.15,0,0,1.824549292,,,,3.135494216,1,0
1,9,36,1,14,62,4,10,0,0,6,5.65,43.3,1,1,1.731655545,3.844814256,,3.881563798,4.127134385,4,1
1,64,43,1,20,76,4,20,0,1,4,14.7,897.05,0,0,2.687847494,,2.397895273,,4.33073334,3,0
1,65,41,1,3,74,4,16,0,0,2,14.5,963.3,1,1,2.674148649,3.610917913,2.833213344,,4.304065093,2,0
1,49,51,1,27,63,4,19,0,0,5,12.85,585.6,1,1,2.553343811,,2.656756907,,4.143134726,2,0
3,47,41,1,0,36,4,8,0,0,2,7.75,361,1,1,2.047692843,3.62300671,2.917770732,3.658420247,3.583518938,4,1
3,9,34,1,9,33,2,8,0,1,4,2.95,18.9,0,0,1.08180517,3.133317937,,,3.496507561,1,1
1,5,36,0,14,29,2,9,0,1,1,3.25,16.8,1,1,1.178654996,,2.740840024,3.286534473,3.36729583,3,1
2,30,34,1,4,27,2,1,0,0,5,6.3,150.9,1,0,1.840549633,3.113515309,,,3.295836866,1,1
1,56,52,1,28,49,2,12,0,0,4,24.75,1349.05,0,0,3.208825489,,3.102342009,,3.891820298,2,0
3,10,22,0,0,24,4,0,0,0,1,7.8,63,1,1,2.054123734,3.617651945,3.113515309,3.402862661,3.17805383,4,0
1,7,26,1,3,26,2,2,0,0,5,4.85,33.7,0,0,1.578978705,,,,3.258096538,1,0
1,52,27,0,6,47,3,5,0,0,2,6.25,330.4,0,1,1.832581464,,2.656756907,,3.850147602,1,0
2,36,45,1,1,94,2,18,0,1,5,7.2,258.75,1,0,1.974081026,3.34462703,,,4.543294782,1,1
3,27,34,0,8,21,3,4,0,1,1,7.65,213.45,0,0,2.034705648,,,,3.044522438,2,0
1,58,62,1,36,27,1,0,0,0,2,15.5,967.1,0,0,2.740840024,,3.540959324,,3.295836866,1,0
2,41,52,0,27,30,2,2,0,1,1,10.4,447.85,0,0,2.341805806,,2.944438979,3.314186005,3.401197382,3,0
2,47,40,1,16,127,4,12,0,1,4,19.7,909.9,1,1,2.980618636,3.337547355,2.691243083,,4.844187086,2,0
2,55,39,1,15,137,2,20,0,1,2,12.7,676.9,0,0,2.541601993,,2.442347035,,4.919980926,3,1
2,56,50,1,1,80,2,24,0,1,4,28.8,1558.1,0,0,3.360375387,,3.056356895,4.112511866,4.382026635,4,0
3,35,55,0,24,30,2,2,0,0,1,10.25,395.85,0,0,2.327277706,,2.756840365,,3.401197382,1,0
2,69,51,1,11,438,4,23,0,1,2,29,1815.4,1,0,3.36729583,3.851210866,3.208825489,,6.08221891,4,0
2,44,39,0,16,79,2,16,0,0,1,15.25,653.7,1,1,2.724579503,3.62300671,3.305053521,3.402862661,4.369447852,4,1
3,36,47,1,16,63,1,23,0,0,2,9.05,373.65,0,0,2.202764758,,1.909542505,,4.143134726,1,0
3,28,51,1,22,40,3,10,0,1,6,8.95,253.55,0,0,2.191653532,,,,3.688879454,3,0
1,72,67,1,44,51,1,34,1,0,2,57.05,4168.25,0,0,4.043928076,,2.957511061,,3.931825633,3,0
1,16,27,0,5,37,3,5,0,0,4,6,80.7,0,0,1.791759469,,,,3.610917913,1,0
3,3,43,0,19,61,4,11,0,1,1,3.15,7.9,1,1,1.147402453,3.305053521,2.788092909,2.887590115,4.110873864,1,1
1,40,57,1,15,22,2,9,0,0,2,8.55,381.5,0,0,2.145931283,,2.983153491,,3.091042453,1,0
3,16,39,0,6,44,4,3,0,1,1,6.6,96.3,1,1,1.887069649,3.148453361,,,3.784189634,2,0
1,20,42,0,4,17,3,5,0,0,1,7.8,175.85,0,0,2.054123734,,,,2.833213344,1,0
2,48,43,0,13,110,5,15,0,1,3,7.25,359.35,1,1,1.981001469,3.511545439,,3.027715319,4.700480366,2,0
2,64,48,1,13,91,2,24,0,0,2,24.5,1531.9,0,0,3.198673118,,2.525728644,3.389462125,4.510859507,3,0
1,8,46,0,3,46,2,8,0,0,1,3.15,16.65,1,1,1.147402453,3.220873828,,,3.828641396,1,0
1,40,38,1,10,85,3,12,0,0,2,10.6,384.8,0,0,2.360854001,,,,4.442651256,3,1
2,38,71,0,27,10,2,12,1,0,1,11.2,429.85,0,0,2.415913778,,,,2.302585093,1,0
1,67,68,0,28,244,1,47,0,1,1,30.25,2186.2,0,0,3.409496184,,3.425889994,,5.497168225,3,0
1,26,42,0,0,80,4,15,0,1,1,7.85,196.65,1,1,2.060513532,3.903990834,2.351375257,3.778491613,4.382026635,4,0
3,41,34,1,15,83,5,1,0,1,2,8.9,379.55,1,0,2.186051277,,1.749199855,,4.418840608,4,0
2,2,31,0,2,21,1,6,0,0,1,1.65,3.2,0,0,0.500775288,3.072693315,,,3.044522438,1,1
3,20,48,1,29,24,2,3,0,0,2,11.85,230.7,0,0,2.472327868,,3.555348061,,3.17805383,4,1
2,31,53,0,2,351,3,31,0,1,1,5.5,185.3,0,0,1.704748092,,2.957511061,,5.860786223,3,0
2,45,52,1,4,169,4,29,0,1,4,14.65,618.15,1,0,2.684440335,3.700066644,2.656756907,,5.129898715,2,0
2,33,27,1,7,46,2,7,0,0,4,7.25,243.35,0,1,1.981001469,3.372454913,,,3.828641396,1,0
1,10,26,0,6,34,3,3,0,0,1,4.85,41.85,0,0,1.578978705,3.321432413,,,3.526360525,2,0
2,62,54,1,2,50,4,3,0,0,2,17.25,1067.8,1,1,2.847812143,3.871201011,4.471638793,3.504054767,3.912023005,4,1
2,4,35,0,16,161,5,6,0,1,1,3.4,10.35,1,1,1.223775432,3.908014984,,3.576550269,5.081404365,4,1
1,42,47,1,17,212,4,17,0,0,2,7.45,320.9,0,0,2.008214032,,3.208825489,,5.356586275,3,0
3,27,51,1,3,80,5,11,0,0,3,7.1,176.2,1,1,1.960094784,3.673765816,,,4.382026635,2,0
2,38,42,0,1,30,4,7,0,1,1,13.2,495.85,0,0,2.58021683,,,,3.401197382,1,0
3,52,61,1,3,53,5,1,0,1,2,12.25,631.7,1,1,2.505525937,3.64805746,2.1690537,3.582129084,3.970291914,2,0
3,35,33,0,9,73,5,4,0,1,1,5.85,216.6,1,1,1.766441661,,3.102342009,3.697591395,4.290459441,4,0
3,3,20,1,1,17,2,0,0,1,4,3.75,12.3,0,1,1.32175584,,,,2.833213344,1,1
2,17,33,0,9,23,5,3,0,0,1,10.2,196.3,1,1,2.32238772,3.594568775,2.674148649,3.430756184,3.135494216,4,1
1,55,53,1,21,34,1,8,0,0,2,5.7,304.4,0,0,1.740466175,,,,3.526360525,3,0
3,43,36,1,5,107,1,19,0,1,3,11.55,491.55,0,0,2.446685437,,3.068052935,,4.672828834,2,1
2,47,25,1,5,21,1,1,0,1,2,8.65,426.6,0,0,2.157559321,,2.197224577,,3.044522438,3,1
3,65,58,0,30,83,2,16,0,1,1,19.3,1323.2,0,0,2.960105096,,3.124565145,,4.418840608,2,0
1,13,20,0,1,17,3,0,0,0,5,3.05,40.3,1,1,1.115141591,3.443618098,2.63905733,,2.833213344,4,0
3,64,25,1,4,76,3,2,0,1,6,24.05,1536.55,0,1,3.180134997,3.56671182,3.056356895,,4.33073334,3,0
2,12,24,0,2,19,1,0,0,0,1,4,46,0,0,1.386294361,,3.305053521,,2.944438979,3,1
1,29,32,1,0,49,4,3,0,1,3,6.7,187,1,1,1.902107526,3.496507561,,,3.891820298,2,1
2,23,47,0,21,173,3,22,0,1,1,7.6,145.9,0,1,2.028148247,,,,5.153291594,2,0
2,14,35,0,4,47,3,10,0,1,1,5,76.2,0,1,1.609437912,,,3.18428438,3.850147602,2,1
1,35,61,0,23,41,2,11,0,0,1,9.6,353.55,0,0,2.261763098,,2.251291799,,3.713572067,1,0
3,26,39,0,8,105,3,13,0,1,1,6.6,159.7,0,1,1.887069649,,3.617651945,3.64414356,4.65396035,4,0
1,13,54,0,2,31,4,2,0,0,1,5.85,97,1,1,1.766441661,,,,3.433987204,1,0
2,69,40,1,13,41,2,17,0,0,3,25.25,1725.1,0,0,3.228826156,,3.496507561,,3.713572067,2,0
3,61,50,1,30,102,4,9,0,1,3,12.6,760.3,1,1,2.533696814,,2.525728644,,4.624972813,2,0
2,45,22,1,2,36,4,0,0,1,5,9.95,412.1,0,0,2.297572551,3.263849191,,,3.583518938,2,1
2,3,37,0,13,24,1,3,0,1,1,2,3.05,0,1,0.693147181,,,,3.17805383,1,0
2,53,22,0,1,25,4,0,0,0,2,12.05,666,1,1,2.48906466,3.301377046,1.871802177,,3.218875825,2,0
1,59,42,0,1,68,2,21,0,1,1,17.3,997.85,0,0,2.850706502,,2.957511061,,4.219507705,3,0
1,13,34,0,11,20,3,0,0,1,1,4.8,71.05,1,0,1.568615918,,,,2.995732274,1,0
3,31,31,0,4,48,1,15,0,0,1,3.8,127.7,0,0,1.335001067,,,,3.871201011,3,0
1,40,29,1,6,40,2,8,0,1,5,13,502.95,0,0,2.564949357,,,,3.688879454,3,0
1,48,55,0,15,79,1,25,0,0,1,13.8,668.65,0,0,2.624668592,,3.238678452,,4.369447852,3,0
3,3,31,0,1,28,1,0,0,0,1,3.45,13.3,1,0,1.238374231,3.148453361,3.157000421,,3.33220451,1,1
2,51,48,0,12,64,2,22,0,1,1,14.8,708.45,0,0,2.694627181,,2.833213344,,4.158883083,1,0
3,33,41,0,15,37,2,11,0,0,1,12.2,415.05,0,0,2.501435952,,,,3.610917913,1,0
3,14,47,1,7,48,1,13,0,0,2,4.25,55.5,0,0,1.446918983,,,,3.871201011,1,0
1,17,42,1,6,131,5,6,0,0,3,5.8,103.1,1,1,1.757857918,3.565298392,,3.075005454,4.875197323,2,1
3,19,29,1,9,18,2,2,0,0,3,5.4,108.5,1,1,1.686398954,,,,2.890371758,1,1
2,58,36,0,10,38,2,14,0,1,1,10.15,538.65,0,0,2.317473705,,2.876385516,,3.63758616,2,0
3,22,23,0,3,37,2,4,0,1,3,5.35,144.05,1,1,1.677096561,3.335769576,2.197224577,3.206803244,3.610917913,4,0
2,29,31,1,1,60,4,6,0,0,5,9.6,243.9,1,1,2.261763098,3.286534473,,,4.094344562,2,1
3,14,22,1,2,13,3,0,0,1,4,9.45,117.55,1,0,2.246014742,3.290265821,,,2.564949357,2,1
2,70,64,1,18,98,1,31,0,1,2,26.15,1805.1,0,0,3.263849191,,2.420368129,3.816612821,4.584967479,4,0
1,62,52,1,2,195,1,23,0,0,2,23.15,1420.95,0,0,3.141994781,,3.583518938,3.535145354,5.272999559,3,1
2,7,35,1,0,47,1,14,0,0,5,5.2,46.9,0,0,1.648658626,,,,3.850147602,1,1
1,56,47,1,19,65,2,22,0,0,3,12.4,744.45,0,0,2.517696473,,3.597312261,4.06731589,4.17438727,4,0
1,50,50,1,22,150,5,5,0,1,4,19.3,930.8,1,1,2.960105096,3.5085559,3.926911618,,5.010635294,2,1
2,57,39,0,6,106,5,8,0,0,1,9.05,568.15,0,0,2.202764758,3.734091797,2.505525937,3.678829118,4.663439094,3,0
3,2,40,0,19,51,4,14,0,1,1,4.25,6.8,1,1,1.446918983,,,,3.931825633,1,0
2,40,38,0,17,96,4,0,0,1,1,9.3,316.05,0,0,2.2300144,,,,4.564348191,1,0
2,6,43,0,4,33,5,7,0,0,2,4.25,30,0,0,1.446918983,,2.788092909,3.286534473,3.496507561,3,0
3,23,25,1,6,38,2,1,0,1,3,13.9,255,0,0,2.63188884,3.349904087,1.32175584,,3.63758616,3,0
3,11,32,0,6,125,4,5,0,0,1,3.8,31.75,1,1,1.335001067,4.118223836,2.944438979,4.064744092,4.828313737,4,1
1,29,37,1,13,145,5,0,0,1,4,8.6,241.45,1,0,2.151762203,3.717223927,2.876385516,3.33220451,4.976733742,4,0
1,42,44,1,2,99,2,21,0,0,3,22.05,841.55,0,0,3.093312602,,2.277267285,,4.59511985,3,0
1,20,34,1,2,22,4,0,0,1,3,4.85,75.45,1,1,1.578978705,3.556775613,3.548179572,3.454738149,3.091042453,4,0
2,72,60,1,21,31,1,38,1,0,2,32.25,2349.25,0,0,3.473518043,,3.511545439,,3.433987204,2,0
1,2,36,0,3,25,1,6,0,1,1,1.9,3.6,0,0,0.641853886,3.356897123,1.609437912,3.18428438,3.218875825,3,0
3,46,25,0,5,57,5,0,0,1,2,20.25,923.95,1,1,3.008154794,3.673765816,2.277267285,3.34462703,4.043051268,1,0
2,39,51,1,21,41,5,20,0,0,6,12.1,492.8,1,1,2.493205453,3.994524227,2.277267285,3.565298392,3.713572067,4,0
3,24,25,1,1,20,3,1,0,1,2,8.15,209.35,1,0,2.098017927,3.3304172,,,2.995732274,2,1
3,59,43,1,4,101,2,22,0,1,5,13.65,817.65,0,0,2.613739522,,3.032546247,,4.615120517,2,0
1,65,37,0,8,56,2,15,0,0,1,10.25,681.95,0,0,2.327277706,,2.374905755,,4.025351691,2,0
2,50,27,1,5,22,2,5,0,1,3,17.2,893.3,0,0,2.844909384,,2.583997552,,3.091042453,1,0
1,57,37,0,11,108,4,9,0,1,1,21.8,1292,1,0,3.08190997,3.737669618,2.079441542,,4.682131227,3,0
3,61,48,0,14,115,4,20,0,1,1,12.8,785.7,1,1,2.549445171,3.668676747,2.847812143,3.433987204,4.744932128,4,0
3,34,54,0,31,53,4,22,0,0,1,8.1,225.4,1,1,2.091864062,3.819907717,4.034240638,4.203198967,3.970291914,4,0
3,38,53,0,13,242,4,12,0,0,1,8.95,396.35,0,1,2.191653532,3.990834186,3.349904087,3.926911618,5.488937726,4,0
1,3,24,1,2,20,2,3,0,1,5,3.35,7.55,1,0,1.208960346,,2.224623552,,2.995732274,3,0
2,4,47,0,5,123,4,11,0,0,1,2.5,9.25,1,1,0.916290732,3.230804396,2.621038824,,4.812184355,1,0
2,15,35,0,0,34,1,12,0,0,1,3.95,47.95,0,0,1.373715579,,,,3.526360525,1,0
1,25,29,1,8,31,4,3,0,1,5,12.95,348.9,1,1,2.561095788,3.498021566,,,3.433987204,2,1
3,21,44,0,25,47,1,12,0,1,2,7.05,182.3,0,0,1.953027617,,2.674148649,,3.850147602,3,0
3,50,37,1,11,48,3,8,0,1,2,12.9,669.75,0,0,2.557227311,,2.1690537,,3.871201011,3,0
2,65,64,1,22,13,2,5,1,1,3,14.6,921.7,0,0,2.681021529,,2.756840365,,2.564949357,3,0
2,59,52,1,18,78,1,25,0,0,2,18.6,1179.05,0,0,2.923161581,,,,4.356708827,1,0
3,29,26,0,7,34,1,7,0,1,2,6.5,198.7,0,0,1.871802177,,2.772588722,,3.526360525,3,0
1,60,46,0,17,81,5,9,0,1,1,17.45,1067,1,1,2.859339649,3.669951444,2.327277706,,4.394449155,2,0
1,71,45,1,14,86,2,25,0,0,2,45.05,3235.9,1,0,3.807772984,3.496507561,3.555348061,,4.454347296,2,0
3,38,27,1,0,26,4,2,0,0,4,12.2,477.5,1,1,2.501435952,3.657130756,2.224623552,3.333988632,3.258096538,4,1
3,16,34,1,5,51,2,8,0,1,5,4.7,61.5,0,0,1.547562509,,2.803360381,,3.931825633,1,0
3,7,31,0,10,59,3,10,0,0,1,2.45,16.35,0,1,0.896088025,3.394508394,,,4.077537444,1,0
1,59,53,0,21,112,4,16,0,0,1,21.1,1236.3,1,1,3.04927304,3.6519561,,3.230804396,4.718498871,2,1
2,22,56,1,14,57,4,28,0,0,2,6.2,135.2,1,0,1.824549292,3.601413428,2.351375257,3.360375387,4.043051268,4,0
1,18,48,1,20,41,1,2,0,1,2,4.35,59.15,0,0,1.470175845,,2.079441542,,3.713572067,1,0
2,64,46,1,19,168,2,26,0,1,2,14.2,928.8,1,1,2.653241965,4.301358732,3.657130756,4.134366237,5.123963979,4,0
2,7,33,0,4,29,4,4,0,1,3,4.65,35.45,1,1,1.53686722,3.34462703,,,3.36729583,1,1
3,65,58,0,13,167,2,14,0,1,2,24.3,1642.35,0,0,3.19047635,,2.847812143,,5.117993812,2,0
3,7,24,0,5,29,2,3,0,0,3,4.45,43.7,1,0,1.492904096,,,,3.36729583,1,1
1,64,55,0,28,104,1,26,0,1,1,15,960.95,0,0,2.708050201,,3.669951444,,4.644390899,3,0
3,42,22,1,0,46,4,0,0,0,2,9.35,311.85,1,0,2.235376343,3.938664936,1.791759469,3.583518938,3.828641396,4,1
3,33,26,0,5,46,4,1,0,1,3,11,350.05,1,1,2.397895273,3.711130063,1.791759469,3.467297183,3.828641396,4,0
1,3,33,0,8,51,4,0,0,1,1,2.9,12.05,0,0,1.064710737,2.990719732,,,3.931825633,1,1
2,69,42,1,11,65,2,18,0,0,2,14.2,1007.5,1,1,2.653241965,4.162003211,3.449987546,4.197953545,4.17438727,4,0
2,9,33,0,1,48,2,13,0,0,2,3.15,39.75,0,0,1.147402453,,3.417726684,,3.871201011,1,0
3,22,34,1,1,46,3,1,0,0,4,7.1,125.05,1,0,1.960094784,3.152736022,,,3.828641396,2,0
2,53,63,1,15,43,2,18,0,0,2,14.85,808.95,1,1,2.697999865,3.610917913,2.397895273,,3.761200116,2,0
3,71,53,0,30,110,1,34,0,0,1,17.45,1249.8,0,0,2.859339649,,2.691243083,,4.700480366,2,0
3,24,26,0,2,32,3,2,0,0,3,4.25,97.35,0,1,1.446918983,,,,3.465735903,1,0
3,12,22,1,1,18,3,0,0,1,2,4.65,57.7,1,1,1.53686722,,,,2.890371758,1,0
1,25,39,1,1,26,4,0,0,0,4,14.45,349.9,1,1,2.670694415,3.582129084,3.135494216,3.208825489,3.258096538,2,1
3,63,28,1,9,34,2,10,0,1,6,15,934.05,0,0,2.708050201,,2.862200881,3.808882247,3.526360525,3,0
1,33,54,1,18,57,4,4,0,1,3,7.5,226.25,1,0,2.014903021,3.523415014,,,4.043051268,3,1
2,57,54,1,20,21,2,0,0,1,3,10.6,565.55,0,0,2.360854001,,2.833213344,,3.044522438,1,0
3,13,33,0,7,38,3,10,0,1,1,5.05,48.6,1,1,1.619388243,3.708682081,2.525728644,3.362109993,3.63758616,4,0
1,13,21,0,2,19,3,0,0,1,1,7.9,98.35,1,0,2.066862759,3.226843995,1.609437912,,2.944438979,2,1
1,71,39,0,2,40,3,17,0,0,1,36.25,2553.7,0,0,3.590439381,,3.650658241,,3.688879454,3,0
3,18,69,1,11,58,3,8,0,0,2,6.35,118.05,1,1,1.848454813,3.988057692,2.463853241,4.143134726,4.060443011,4,0
1,17,51,1,10,95,2,15,0,1,2,7.45,132.9,0,0,2.008214032,,,,4.553876892,1,1
2,22,43,0,4,114,2,19,0,0,1,9.25,202.8,0,0,2.224623552,3.122364924,,,4.736198448,1,0
2,65,65,1,27,128,3,24,0,0,2,21.2,1325.05,0,0,3.054001182,,2.674148649,,4.852030264,3,0
3,7,40,0,9,33,4,2,0,1,1,2.8,16.85,1,1,1.029619417,,,,3.496507561,1,0
3,72,66,0,30,460,4,41,0,1,1,89.4,6353.9,1,0,4.493120682,3.840527004,2.931193752,,6.131226489,4,0
1,35,43,0,12,224,3,17,0,0,1,7.7,271.55,0,0,2.041220329,,2.251291799,,5.411646052,1,0
1,24,39,0,2,122,4,12,0,0,3,4.45,98.35,1,0,1.492904096,,2.277267285,3.580737295,4.804021045,4,0
1,64,24,1,0,23,3,1,0,1,5,7,394.6,1,0,1.945910149,3.570940156,,,3.135494216,2,0
2,63,63,1,19,191,3,27,0,0,2,12.7,782.45,0,0,2.541601993,,1.945910149,,5.252273428,2,0
1,38,31,1,7,187,4,6,0,0,3,12.65,448.75,0,0,2.537657215,,3.526360525,3.868071118,5.231108617,4,1
2,29,37,1,9,119,3,12,0,0,3,4.6,138.7,0,0,1.526056303,,,,4.779123493,1,0
1,72,69,1,49,44,2,44,1,1,2,99.95,7257.6,0,0,4.604670061,,2.525728644,,3.784189634,3,0
1,10,27,1,2,15,3,2,0,1,2,7.5,66.45,1,1,2.014903021,3.884651809,2.014903021,3.676300672,2.708050201,4,1
3,72,64,0,41,674,4,37,0,1,1,49.6,3535.8,0,0,3.903990834,,3.886705197,4.096841442,6.513230111,3,0
3,52,23,1,4,33,4,0,0,1,2,13.1,757.8,0,0,2.57261223,,2.931193752,,3.496507561,3,0
3,13,55,0,3,250,2,35,0,1,2,4.1,50.1,0,0,1.410986974,,,,5.521460918,1,0
1,3,33,0,6,64,4,0,0,0,2,2.15,6,0,1,0.765467842,3.032546247,,,4.158883083,1,1
3,39,24,1,2,26,2,4,0,0,4,10.4,403.5,0,1,2.341805806,,2.525728644,,3.258096538,1,1
2,28,29,0,4,23,3,5,0,0,2,3.7,91.95,1,1,1.30833282,,,,3.135494216,2,0
2,46,42,0,9,52,4,7,0,0,3,14.25,611.65,0,0,2.656756907,,3.044522438,,3.951243719,2,0
2,62,46,0,27,200,3,9,0,1,1,26.25,1625.35,0,0,3.267665989,,4.304065093,,5.298317367,1,0
2,23,33,1,7,28,1,4,0,0,2,6.9,177.4,0,0,1.931521412,,2.63905733,,3.33220451,3,0
3,23,25,1,5,19,5,0,0,0,3,6.95,157.1,1,1,1.93874166,3.602776755,,,2.944438979,4,1
2,72,61,1,39,76,3,21,0,0,2,54.8,3983.6,1,0,4.003690194,3.938664936,4.241326753,4.016383021,4.33073334,4,0
3,56,60,0,26,70,2,20,0,0,1,7.75,397.15,0,1,2.047692843,3.377587516,,3.263849191,4.248495242,1,0
1,8,30,0,1,34,2,9,0,1,1,4.25,28.65,0,0,1.446918983,,2.583997552,,3.526360525,3,0
3,3,36,0,7,34,5,3,0,1,3,2.7,7,0,1,0.993251773,3.17805383,,,3.526360525,4,0
3,37,37,0,7,172,3,13,0,0,1,6.85,258.5,0,1,1.924248652,,,,5.147494477,1,0
3,37,53,1,13,48,1,10,0,0,3,12.55,439.55,0,0,2.529720666,,2.327277706,,3.871201011,3,0
2,6,30,0,9,45,2,2,0,1,1,1.35,9.95,0,0,0.300104592,,,,3.80666249,1,1
1,48,47,0,9,72,3,13,0,0,5,15.3,732.35,0,0,2.727852828,,2.772588722,3.482777369,4.276666119,4,1
2,43,43,1,3,55,4,18,0,1,4,9.1,422.7,1,0,2.208274414,3.879499814,2.772588722,3.923951576,4.007333185,4,0
2,21,29,0,7,40,4,2,0,1,4,4.5,89.1,1,0,1.504077397,3.589059119,2.957511061,3.5085559,3.688879454,1,0
3,6,33,0,12,26,3,0,0,0,1,6.1,35.1,1,0,1.808288771,,3.188416617,3.126760536,3.258096538,3,1
2,69,51,0,18,96,1,33,0,0,4,33.95,2338.8,0,0,3.524888854,,3.511545439,,4.564348191,3,0
1,22,33,0,9,54,1,10,0,0,1,11.05,246.7,0,0,2.402430428,,2.931193752,,3.988984047,3,0
1,28,40,1,1,47,2,9,0,1,3,8.1,224.25,0,0,2.091864062,,3.349904087,,3.850147602,3,0
1,71,47,1,23,142,1,30,0,0,2,32.2,2237.35,0,0,3.471966453,,4.40976339,,4.955827058,2,0
2,7,37,0,5,57,4,1,0,0,1,3.8,23.9,0,0,1.335001067,,,,4.043051268,1,0
1,63,29,0,10,20,3,7,0,0,2,13.3,867.9,1,1,2.587764035,4.132763672,2.302585093,4.566948973,2.995732274,4,0
2,53,57,0,25,37,1,7,0,0,1,7.7,363.95,0,0,2.041220329,,2.224623552,,3.610917913,2,0
2,50,52,1,17,36,4,16,0,0,4,11.95,616.25,0,1,2.480731278,,3.871201011,4.452601587,3.583518938,4,0
2,39,31,1,6,24,4,2,0,0,2,13.9,505.55,0,1,2.63188884,3.505557397,2.803360381,,3.17805383,4,0
3,16,19,0,0,21,2,0,0,1,1,5.25,70.25,0,0,1.658228077,,,,3.044522438,1,0
3,43,51,1,15,186,3,25,0,0,2,18.9,856.3,0,0,2.939161922,,3.008154794,4.08007659,5.225746674,4,0
3,44,31,0,12,30,1,7,0,1,3,8,317.9,0,0,2.079441542,,2.564949357,,3.401197382,1,0
2,72,66,1,43,96,2,16,0,1,2,35.15,2537.65,0,1,3.559624618,,3.068052935,3.925925911,4.564348191,4,0
3,61,76,0,39,15,1,29,1,0,1,18.6,1168.45,0,0,2.923161581,,3.17805383,,2.708050201,3,0
3,43,21,1,1,25,1,4,0,0,4,7.6,334.45,1,0,2.028148247,,,,3.218875825,2,1
3,24,39,0,11,49,3,7,0,1,1,7.45,177.2,1,0,2.008214032,3.430756184,,,3.891820298,1,0
3,64,45,0,4,38,2,7,0,1,1,13.75,918,0,0,2.621038824,,2.327277706,,3.63758616,3,1
2,64,38,0,0,29,2,2,0,0,2,17.5,1114.45,0,0,2.862200881,,2.818398258,,3.36729583,2,0
1,24,26,0,7,55,2,7,0,1,1,7.6,175.8,0,0,2.028148247,,,,4.007333185,1,0
3,33,55,1,21,64,3,10,0,1,3,5.15,163.05,0,0,1.638996715,,3.208825489,,4.158883083,1,0
2,33,33,1,12,42,4,7,0,1,5,8.8,305.75,0,0,2.174751721,3.432372999,3.135494216,3.150596984,3.737669618,2,0
1,2,40,0,9,134,4,2,0,0,1,3.9,4.6,1,1,1.360976553,3.169685581,,,4.8978398,1,0
2,42,48,1,22,82,1,21,0,1,5,9.3,459,1,1,2.2300144,,2.833213344,,4.406719247,4,0
1,52,54,1,5,153,5,10,0,0,2,11.05,555.85,1,1,2.402430428,3.591817741,,3.406184923,5.030437921,2,1
1,45,66,0,43,144,2,13,0,1,1,7.75,338.8,1,0,2.047692843,,2.564949357,,4.9698133,2,0
3,3,25,0,4,22,4,0,0,0,2,2.85,7.5,1,1,1.047318994,3.341093458,2.970414466,,3.091042453,4,1
2,37,53,1,16,35,1,16,0,1,4,21.3,788.25,0,0,3.058707073,,,,3.555348061,3,0
2,28,57,0,33,82,4,22,0,1,1,4.05,71.5,1,1,1.398716881,3.448398983,,,4.406719247,2,1
3,40,63,1,9,61,1,22,0,0,2,10.9,470.9,0,0,2.388762789,,3.713572067,,4.110873864,1,0
2,37,33,0,1,102,2,12,0,0,1,16.3,646.7,1,1,2.791165108,3.507057772,2.327277706,3.634951112,4.624972813,4,0
3,7,27,0,5,31,3,4,0,0,5,4.15,30.8,1,1,1.423108334,3.829727763,,3.734091797,3.433987204,4,1
1,71,56,0,23,170,1,30,0,1,1,14.2,1001.2,0,0,2.653241965,,3.401197382,,5.135798437,4,0
2,19,46,0,11,26,2,0,0,1,1,6.05,121.7,1,1,1.800058272,,1.609437912,,3.258096538,1,0
2,61,40,0,15,85,3,15,0,1,1,13.65,831.15,0,1,2.613739522,,3.124565145,,4.442651256,3,0
3,70,53,1,16,183,2,35,0,1,2,32.9,2234.9,0,0,3.493472658,,2.708050201,,5.209486153,2,0
2,60,55,1,13,67,1,18,0,1,2,10.75,697.7,0,0,2.374905755,,2.691243083,,4.204692619,1,0
3,48,45,1,5,42,1,11,0,1,2,9.25,435.6,0,0,2.224623552,,,,3.737669618,1,0
1,8,63,1,1,31,1,9,0,0,2,2.25,16.8,0,0,0.810930216,,2.420368129,,3.433987204,3,0
2,58,58,1,10,96,2,17,0,0,4,12.5,710.8,0,0,2.525728644,,,,4.564348191,3,0
1,16,24,1,5,24,3,2,0,0,5,9.4,124.2,0,0,2.240709689,,2.691243083,,3.17805383,3,0
2,33,33,0,4,53,2,14,0,1,1,5.05,145.85,0,0,1.619388243,,,,3.970291914,1,0
2,39,25,0,4,18,1,0,0,1,1,6.75,242.7,0,0,1.909542505,,,,2.890371758,3,0
1,62,51,0,10,43,4,19,0,0,2,27.15,1632.4,1,1,3.301377046,3.75419892,2.833213344,3.717223927,3.761200116,2,0
1,50,34,0,10,104,3,9,0,0,1,27.5,1444.45,1,1,3.314186005,3.953164949,3.008154794,3.869115504,4.644390899,4,0
2,48,55,0,31,26,1,1,0,0,1,12.15,606.1,0,0,2.49732917,,,,3.258096538,1,0
3,31,62,0,5,56,2,26,0,1,1,4.3,123.5,0,0,1.458615023,,2.621038824,,4.025351691,3,0
2,65,33,1,9,49,2,6,0,0,5,42.9,2706.8,0,0,3.758871826,,2.862200881,,3.891820298,2,0
1,36,58,0,34,80,1,21,0,1,1,8.5,298.25,0,0,2.140066163,,2.140066163,,4.382026635,2,0
1,61,46,0,5,318,3,18,0,1,1,28.9,1796.7,0,0,3.363841595,,4.439705746,,5.762051383,3,0
2,48,42,0,21,35,4,5,0,0,1,12.9,589.35,0,0,2.557227311,,,,3.555348061,3,0
3,35,45,0,17,29,1,6,0,0,1,8.4,300.35,0,0,2.128231706,,,,3.36729583,1,0
1,51,28,0,8,43,5,1,0,0,5,11.15,623,1,1,2.411439498,4.352855257,2.995732274,4.386392092,3.761200116,4,0
2,49,51,1,5,80,5,3,0,0,2,5.75,285.4,1,1,1.749199855,3.946424432,3.583518938,3.602776755,4.382026635,4,1
1,35,39,1,11,30,3,2,0,1,3,6.85,224.85,0,0,1.924248652,,,,3.401197382,3,1
1,58,70,0,2,9,3,24,1,1,1,23.3,1384.45,1,0,3.148453361,3.878466222,3.392829132,3.559624618,2.197224577,2,0
1,23,35,1,0,23,2,1,0,0,5,6.7,153.9,0,0,1.902107526,,,,3.135494216,3,0
2,26,39,1,15,58,4,9,0,1,2,8.65,210.6,1,0,2.157559321,,1.871802177,2.978077338,4.060443011,3,0
1,38,37,1,1,52,1,20,0,1,4,12.2,532.55,0,0,2.501435952,,2.931193752,3.996364154,3.951243719,4,0
1,35,66,1,44,14,3,12,1,1,2,4.7,202.5,0,0,1.547562509,,,,2.63905733,3,0
2,37,50,0,9,110,2,21,0,1,1,9.65,364.05,0,0,2.266957915,,2.420368129,,4.700480366,3,0
2,48,43,1,1,60,2,12,0,0,2,15.5,719.7,0,0,2.740840024,3.387774361,3.449987546,,4.094344562,2,0
3,13,43,1,1,123,3,21,0,0,5,3.85,55.05,1,1,1.348073148,3.498021566,1.909542505,,4.812184355,4,0
1,72,63,1,29,15,5,31,1,0,2,20.6,1547.45,0,0,3.025291076,,3.442019376,,2.708050201,3,0
1,30,27,0,4,47,4,2,0,1,2,10.75,296.9,1,0,2.374905755,,3.056356895,,3.850147602,2,1
1,24,43,0,14,138,4,11,0,1,1,6.65,130.6,1,0,1.894616855,,2.079441542,3.2047769,4.927253685,3,0
2,25,51,1,20,359,3,29,0,0,2,5.75,163.75,0,0,1.749199855,3.668676747,3.701301974,3.063390922,5.883322388,4,0
2,50,52,0,30,214,3,22,0,0,1,11.5,610.35,1,1,2.442347035,3.706228092,2.48490665,3.877431561,5.365976015,4,0
2,28,40,0,7,64,1,19,0,0,1,6,167.65,0,0,1.791759469,,,,4.158883083,3,0
3,34,51,0,8,50,4,14,0,0,1,16.15,531.35,0,1,2.78192005,,2.756840365,,3.912023005,1,0
1,48,32,0,2,88,3,9,0,0,1,6.15,307.65,1,0,1.816452082,,3.392829132,3.801091445,4.477336814,4,0
2,42,36,1,8,86,2,15,0,1,2,9.8,436.45,0,0,2.282382386,3.421000009,,,4.454347296,2,0
3,67,65,1,30,17,1,29,1,1,2,21.7,1384.05,0,0,3.077312261,,2.48490665,,2.833213344,3,0
1,17,41,1,7,25,2,17,0,0,3,6.45,114.3,1,1,1.864080131,3.36729583,,,3.218875825,3,0
1,29,38,1,19,46,2,6,0,0,2,8.35,248.6,0,1,2.122261539,3.133317937,,,3.828641396,2,0
3,66,61,0,26,361,1,40,0,1,1,12.75,782,0,0,2.545531272,,3.650658241,,5.888877958,2,0
2,1,21,0,1,18,3,0,0,1,1,2.7,2.7,1,1,0.993251773,3.487375078,,,2.890371758,1,1
1,28,33,1,3,14,4,1,0,0,3,4.55,145.95,1,1,1.515127233,3.496507561,,3.175968324,2.63905733,4,1
1,15,35,1,5,34,3,8,0,0,2,5.15,110.55,1,1,1.638996715,3.240637317,,,3.526360525,2,1
2,12,64,0,13,9,2,6,1,1,1,3.8,52.85,1,1,1.335001067,3.490428515,2.140066163,,2.197224577,3,0
3,48,49,0,18,39,2,5,0,1,1,7,399.75,0,0,1.945910149,3.756538103,3.157000421,3.425889994,3.663561646,4,1
2,59,25,1,4,18,3,2,0,0,4,20.1,1251.4,0,0,3.000719815,3.482777369,3.124565145,,2.890371758,1,0
3,8,26,1,1,25,4,1,0,0,2,3.15,29.9,1,1,1.147402453,2.998229154,,,3.218875825,1,1
1,45,52,0,15,46,5,8,0,1,1,9.4,402.1,0,1,2.240709689,,2.1690537,,3.828641396,2,1
1,25,39,1,8,94,4,11,0,1,4,3.95,95.2,0,0,1.373715579,3.425889994,,,4.543294782,2,1
1,21,44,1,4,26,3,2,0,0,2,7.55,160.65,1,0,2.021547563,3.745968421,3.157000421,3.576550269,3.258096538,4,0
2,17,68,1,1,335,1,35,0,1,3,3.55,70.25,0,0,1.266947603,,3.375879574,3.328626689,5.814130532,4,0
2,41,45,0,14,25,3,6,0,0,1,7.8,370.8,1,1,2.054123734,3.747148362,2.63905733,3.144152279,3.218875825,1,1
1,13,45,1,3,99,3,8,0,1,2,8.7,103.4,1,0,2.163323026,,3.16758253,,4.59511985,3,1
2,1,26,1,3,30,2,7,0,1,5,1.05,1.05,0,1,0.048790164,2.734367509,,,3.401197382,1,1
3,3,31,1,4,35,2,2,0,1,3,4.35,11,1,1,1.470175845,3.527830033,,3.068052935,3.555348061,4,1
1,23,27,1,2,51,5,1,0,1,2,3.9,94.95,0,0,1.360976553,3.18428438,,,3.931825633,1,1
3,26,42,0,20,49,3,13,0,0,1,3.5,82.3,1,1,1.252762968,3.776203282,3.198673118,3.321432413,3.891820298,4,1
1,37,51,1,15,54,1,15,0,0,3,9.55,323.65,0,0,2.256541154,,2.1102132,,3.988984047,3,0
3,5,30,0,3,46,4,7,0,0,1,4.3,17.55,1,1,1.458615023,3.46885603,,,3.828641396,2,1
1,32,27,1,3,91,4,1,0,1,3,5.5,189.05,1,1,1.704748092,3.753027274,1.32175584,3.7208625,4.510859507,4,1
3,12,22,0,1,23,4,0,0,0,2,4.05,33.75,0,0,1.398716881,,,,3.135494216,1,0
1,72,54,1,6,345,1,32,0,0,2,75.45,5464.6,0,0,4.323470185,,2.90416508,,5.843544417,3,0
3,3,25,1,2,45,4,0,0,1,2,3,9.15,1,1,1.098612289,3.438814245,,,3.80666249,1,1
1,54,43,0,12,53,2,12,0,0,1,14.35,775.9,0,0,2.663749942,,2.818398258,,3.970291914,3,0
2,26,26,0,2,14,2,6,0,1,1,7.8,204.25,1,1,2.054123734,3.6558396,,3.328626689,2.63905733,4,1
3,14,36,0,13,67,5,4,0,1,1,14.05,187.4,1,0,2.642622396,3.222867846,,,4.204692619,1,0
3,22,51,0,27,49,3,1,0,0,1,9,150.7,0,1,2.197224577,3.416085994,2.862200881,,3.891820298,1,0
3,65,47,1,18,37,1,15,0,1,4,19.05,1174.6,0,0,2.947067102,,2.63905733,,3.610917913,1,0
3,26,45,0,18,33,1,9,0,0,1,9.6,285.35,0,0,2.261763098,,2.420368129,,3.496507561,1,0
1,20,37,0,5,46,3,10,0,1,4,4.9,91.55,1,1,1.589235205,3.797733859,1.832581464,3.722072421,3.828641396,4,0
2,67,60,1,32,93,1,21,0,0,4,18.85,1200.7,0,1,2.936512914,3.465735903,3.755369195,,4.532599493,2,0
1,34,55,0,2,48,2,11,0,0,1,4.25,143.35,0,0,1.446918983,,,,3.871201011,1,0
1,37,54,1,35,183,2,22,0,0,3,7.3,257.6,0,0,1.987874348,,2.014903021,,5.209486153,3,0
2,22,23,1,3,16,1,5,0,0,4,5.4,120.4,0,0,1.686398954,,2.140066163,,2.772588722,1,0
2,5,69,0,0,11,2,14,1,0,1,6.65,35.2,0,0,1.894616855,,2.079441542,,2.397895273,1,0
1,28,31,1,0,42,4,5,0,1,3,12.25,373.8,0,0,2.505525937,,,,3.737669618,3,0
1,20,41,1,7,67,4,14,0,1,4,7.25,149.1,0,0,1.981001469,,,,4.204692619,1,0
3,72,41,0,20,181,4,12,0,0,1,27.3,1963.95,1,1,3.306886702,4.239886868,2.047692843,3.958906591,5.198497031,4,0
2,30,43,0,18,53,4,6,0,0,1,7,232.9,1,1,1.945910149,3.288401888,,,3.970291914,1,0
3,71,52,0,17,172,2,32,0,0,1,49.25,3599.3,1,0,3.896909368,3.929862924,3.305053521,4.220977213,5.147494477,4,0
2,56,44,0,24,87,2,19,0,0,1,14.75,822.25,0,0,2.691243083,,2.788092909,,4.465908119,3,0
1,8,29,1,2,21,5,0,0,0,2,4.15,39.7,0,0,1.423108334,3.19047635,,,3.044522438,1,1
2,32,65,0,6,9,2,30,1,1,1,6.25,201.35,1,1,1.832581464,,,,2.197224577,2,0
2,46,47,0,22,144,3,22,0,1,2,3.5,179.95,0,0,1.252762968,,,,4.9698133,3,1
3,60,45,1,23,117,4,11,0,0,3,12.4,755.7,1,1,2.517696473,3.945457782,2.970414466,3.968403339,4.762173935,4,0
2,42,32,1,0,59,4,4,0,1,6,16.7,681.5,1,0,2.815408719,3.978746637,3.124565145,4.284964922,4.077537444,4,0
3,71,60,1,39,508,4,35,0,0,4,23.55,1665.6,0,0,3.15912582,,3.044522438,,6.230481448,4,0
2,72,63,1,40,222,2,43,1,1,2,81.55,5988.5,0,0,4.401216329,,2.740840024,,5.402677382,3,0
3,45,66,0,11,87,3,25,1,1,1,6.05,306.9,0,0,1.800058272,,3.056356895,,4.465908119,1,0
3,5,31,0,4,34,1,9,0,0,1,1.6,6.15,0,0,0.470003629,3.437207819,2.545531272,2.988204007,3.526360525,3,1
2,17,38,1,19,18,4,0,0,1,4,8.55,162.25,0,0,2.145931283,,,,2.890371758,2,0
2,70,55,0,12,65,3,24,0,0,1,26.7,1874.25,0,0,3.284663565,,3.020424886,,4.17438727,3,0
3,57,57,1,19,130,3,27,0,1,2,13.55,849,1,1,2.606386547,3.422632662,2.545531272,,4.86753445,2,0
1,20,33,0,13,44,3,8,0,1,1,6.4,124.45,0,1,1.85629799,3.369018483,,,3.784189634,2,0
1,72,52,1,21,63,1,24,0,0,3,41.95,3114.75,0,0,3.736478433,,3.504054767,,4.143134726,3,0
3,32,50,0,28,57,4,20,0,0,1,4.6,123,0,0,1.526056303,,3.630985476,3.157000421,4.043051268,3,0
3,22,57,1,7,264,1,35,0,1,2,3,68.35,0,0,1.098612289,,1.791759469,,5.575949103,3,0
2,6,24,0,2,28,1,5,0,0,2,4.4,35.1,0,0,1.481604541,,3.341093458,,3.33220451,3,1
3,32,23,1,2,26,3,1,0,1,6,11,325,1,0,2.397895273,3.437207819,3.341093458,,3.258096538,4,0
1,38,33,0,3,38,4,0,0,0,1,10.95,412.8,1,1,2.393339456,3.303216973,2.505525937,,3.63758616,2,0
1,53,35,0,15,59,3,5,0,1,1,16.85,888.45,0,0,2.824350657,,2.917770732,,4.077537444,3,0
3,37,76,0,38,117,4,21,0,1,1,7.5,273.7,0,0,2.014903021,,1.832581464,,4.762173935,1,0
1,47,35,1,13,70,4,9,0,1,2,10.75,551,1,1,2.374905755,3.858622229,,3.825375199,4.248495242,4,1
3,69,59,0,37,104,2,13,0,0,1,16,1120.75,0,0,2.772588722,,2.621038824,,4.644390899,3,0
3,63,56,0,17,71,3,18,0,1,1,18.4,1162.9,0,0,2.912350665,,3.208825489,,4.262679877,1,0
1,61,34,1,0,70,3,7,0,1,3,18.85,1230.7,1,1,2.936512914,3.950281718,2.931193752,3.856510295,4.248495242,4,1
1,56,38,1,8,56,4,10,0,0,2,25.1,1418.35,1,1,3.222867846,3.805550761,2.442347035,3.310543013,4.025351691,4,0
3,40,57,1,18,68,1,23,0,0,2,13.35,572.4,0,0,2.591516385,,,,4.219507705,3,0
2,61,45,0,21,80,2,13,0,1,1,18.1,1114.75,0,0,2.895911938,,3.562465529,,4.382026635,2,0
2,16,26,0,7,21,4,1,0,0,6,3.55,56.85,1,1,1.266947603,3.801091445,,3.42751469,3.044522438,4,0
2,7,43,0,4,69,3,5,0,1,1,4.45,36.85,0,0,1.492904096,,,,4.234106505,1,0
3,20,31,1,10,39,2,3,0,1,2,7.75,148.75,0,0,2.047692843,,,,3.663561646,1,0
2,35,38,0,7,90,2,18,0,0,4,6.8,245.95,1,1,1.916922612,,2.63905733,,4.49980967,2,0
1,60,37,1,12,64,5,1,0,1,2,14.85,978.35,0,0,2.697999865,,2.862200881,,4.158883083,2,0
2,47,25,0,2,28,2,6,0,0,1,7.75,315.9,0,1,2.047692843,3.559624618,2.833213344,3.438814245,3.33220451,4,0
2,33,28,1,3,24,2,0,0,1,6,7.5,224.25,0,1,2.014903021,,2.756840365,,3.17805383,1,0
3,12,34,0,2,44,2,7,0,0,1,4.05,48.85,0,0,1.398716881,,,,3.784189634,1,0
1,10,31,0,0,32,4,7,0,1,2,5.4,60.15,1,1,1.686398954,3.34462703,,,3.465735903,2,1
2,69,33,1,9,52,4,9,0,1,3,29.95,2142.8,0,0,3.399529325,,3.36729583,,3.951243719,3,0
1,23,20,0,1,15,3,0,0,1,1,7.5,199.65,0,0,2.014903021,,,,2.708050201,2,0
1,53,31,0,10,46,3,6,0,0,2,27.1,1408.35,1,0,3.299533728,3.749504076,3.624340933,,3.828641396,2,0
2,60,57,1,14,107,2,33,0,1,2,17.55,1035.2,0,0,2.86505395,,3.056356895,3.843744165,4.672828834,3,0
2,33,33,0,7,56,2,11,0,0,1,13.45,470.9,0,0,2.598979106,,2.772588722,,4.025351691,1,0
3,67,40,1,21,40,4,7,0,1,4,24.35,1585.85,1,1,3.19253185,3.841600541,2.724579503,3.62300671,3.688879454,4,0
3,15,38,1,5,56,3,13,0,0,3,5.4,76.75,0,0,1.686398954,,2.708050201,,4.025351691,3,0
3,64,31,1,5,46,2,7,0,1,4,24.15,1546.55,1,1,3.18428438,3.549617387,2.876385516,3.502549876,3.828641396,2,0
2,46,49,1,13,51,2,21,0,0,2,7.25,329.95,0,0,1.981001469,,3.079613758,,3.931825633,1,1
2,72,60,1,33,12,1,20,1,0,3,53.75,3776.1,0,0,3.984343667,,2.327277706,3.783052624,2.48490665,4,0
1,61,43,1,6,34,5,6,0,0,3,25.05,1541.9,1,1,3.220873828,4.039536326,3.488902962,3.931825633,3.526360525,4,1
3,54,27,0,3,27,2,6,0,1,5,12.4,660.85,1,1,2.517696473,3.877431561,1.749199855,3.772760938,3.295836866,4,0
3,28,36,0,3,42,3,7,0,1,1,12.9,363.65,1,0,2.557227311,,2.63905733,,3.737669618,3,0
2,28,38,0,8,119,5,2,0,0,3,5.05,141.95,1,1,1.619388243,3.848017675,,3.753027274,4.779123493,4,1
2,32,43,0,13,146,1,27,0,1,1,18.3,546.35,0,0,2.90690106,,2.740840024,2.859339649,4.983606622,3,0
2,52,46,0,17,51,2,13,0,1,3,12.5,638.7,0,0,2.525728644,,2.708050201,,3.931825633,2,0
1,48,62,0,33,86,1,22,1,1,1,16.35,729.3,0,1,2.794227897,3.662278772,2.931193752,3.421000009,4.454347296,3,0
3,52,42,1,17,27,3,8,0,1,2,19.65,1008.8,1,0,2.978077338,,2.983153491,,3.295836866,3,0
1,37,43,0,8,38,3,9,0,0,1,8.1,289.75,0,0,2.091864062,,,,3.63758616,2,0
1,41,52,0,26,928,3,29,0,0,3,7.65,344,0,0,2.034705648,,2.602689685,,6.833031733,3,0
2,43,27,1,3,21,2,1,0,1,3,12.65,558.85,0,0,2.537657215,,2.803360381,,3.044522438,2,0
3,67,60,0,24,24,1,6,0,1,1,25.1,1659.1,0,0,3.222867846,,3.068052935,,3.17805383,3,0
3,61,52,1,30,91,1,25,0,1,2,13.8,840.15,0,0,2.624668592,,3.850147602,,4.510859507,1,0
3,70,39,1,20,38,2,8,0,1,4,30.3,2201,0,0,3.411147713,,3.936715618,,3.63758616,3,0
3,44,32,1,1,96,4,5,0,1,4,5.25,213.45,1,1,1.658228077,4.126327608,2.1690537,4.056988776,4.564348191,4,0
3,46,45,0,12,96,3,17,0,0,1,10.95,504.3,1,1,2.393339456,3.198673118,2.277267285,,4.564348191,2,0
3,39,34,0,2,54,3,5,0,0,1,6.5,265.45,0,0,1.871802177,,2.583997552,,3.988984047,1,0
2,39,59,0,20,1668,4,27,0,1,1,8.2,303.95,1,0,2.104134154,,,,7.419380583,2,0
2,50,29,1,10,53,4,0,0,1,4,13.2,593.35,0,0,2.58021683,3.973118105,2.442347035,3.837299459,3.970291914,4,0
3,5,31,0,1,21,3,1,0,1,2,2.6,16.1,0,1,0.955511445,,,,3.044522438,1,1
2,10,34,0,1,52,5,3,0,1,1,4.3,47.45,1,1,1.458615023,3.482777369,,3.234749174,3.951243719,2,1
1,72,69,0,45,17,3,36,1,1,1,38.2,2751.65,0,0,3.642835516,,3.341093458,,2.833213344,2,0
2,68,60,0,40,262,2,39,0,1,1,31.6,2112.25,0,0,3.453157121,,3.258096538,,5.568344504,3,0
3,58,28,0,5,34,5,1,0,1,1,19.9,1144.6,1,1,2.990719732,3.730501129,3.16758253,,3.526360525,2,0
3,18,44,1,10,107,1,19,0,1,7,2.25,41.8,0,0,0.810930216,,,,4.672828834,1,0
1,65,45,1,25,67,5,13,0,1,2,9.85,671.2,0,0,2.287471455,3.319625728,3.583518938,,4.204692619,3,0
3,8,45,0,1,37,4,0,0,0,1,4.65,64.45,1,1,1.53686722,3.467297183,,,3.610917913,2,1
2,1,20,0,1,21,2,0,0,1,2,0.9,0.9,0,1,-0.105360516,3.171784217,,,3.044522438,1,1
3,42,58,0,7,22,1,4,0,1,1,3.6,166.75,0,0,1.280933845,,,,3.091042453,2,0
1,4,25,1,3,71,3,3,0,1,5,3.6,14.95,1,1,1.280933845,3.356897123,,,4.262679877,1,0
3,17,35,0,4,77,3,8,0,1,1,8.1,144.4,0,0,2.091864062,,,,4.343805422,3,0
2,8,24,1,1,18,4,0,0,1,5,2.95,16.8,1,1,1.08180517,3.671224519,2.995732274,3.535145354,2.890371758,4,1
1,49,37,1,17,50,2,12,0,1,2,4.2,243.1,0,0,1.435084525,,2.803360381,,3.912023005,2,0
1,56,46,1,21,33,4,7,0,0,2,22.7,1257.4,1,1,3.122364924,3.493472658,2.140066163,,3.496507561,2,0
1,62,57,1,21,94,1,22,0,0,2,11.95,757.6,0,1,2.480731278,,3.970291914,,4.543294782,4,0
2,42,57,1,25,209,1,40,0,1,4,9.45,383.45,0,0,2.246014742,,2.397895273,,5.342334252,1,0
1,13,32,0,7,31,4,5,0,0,2,5.05,64.85,0,0,1.619388243,,2.351375257,3.148453361,3.433987204,3,0
1,69,46,1,18,66,2,19,0,0,4,21.85,1589.1,0,0,3.084200922,,3.839452313,,4.189654742,2,0
2,45,59,0,14,51,1,15,0,0,2,5.95,236.3,0,0,1.78339122,,1.658228077,,3.931825633,1,0
2,66,42,1,18,118,2,20,0,0,2,26.8,1774.75,0,0,3.288401888,,3.079613758,,4.770684624,2,0
2,15,35,0,10,25,2,3,0,0,1,4.75,41.4,1,1,1.558144618,3.063390922,,,3.218875825,1,1
1,41,44,1,1,59,3,21,0,1,3,12.1,479.95,1,1,2.493205453,3.804437795,3.198673118,,4.077537444,2,0
2,11,20,0,1,20,2,0,0,1,1,4.75,48,1,1,1.558144618,3.6519561,2.602689685,3.75419892,2.995732274,4,1
3,45,30,1,0,63,5,4,0,0,4,7.1,314.8,1,1,1.960094784,3.682609841,2.803360381,3.928880122,4.143134726,4,1
1,52,62,0,23,36,4,17,0,0,1,13.35,709.25,0,0,2.591516385,,2.917770732,,3.583518938,1,0
1,42,56,0,24,72,4,18,0,1,1,8,336.9,1,1,2.079441542,3.650658241,3.020424886,3.690128674,4.276666119,4,0
2,48,35,0,11,50,1,16,0,0,3,12.85,622.75,0,0,2.553343811,,2.833213344,,3.912023005,3,0
3,4,31,0,5,39,2,5,0,0,2,4.9,19.65,1,1,1.589235205,3.726897521,2.302585093,3.594568775,3.663561646,4,1
3,53,64,1,10,54,2,20,0,1,2,9.65,483.55,1,1,2.266957915,3.934762492,3.979681654,4.314817885,3.988984047,4,0
3,1,59,0,4,9,1,4,1,0,1,3.8,3.8,0,0,1.335001067,,3.020424886,,2.197224577,3,0
3,19,30,1,10,33,4,1,0,0,3,4.05,79.45,1,1,1.398716881,3.45946629,,,3.496507561,4,0
2,33,30,0,11,28,1,9,0,0,1,7.4,246.55,0,0,2.00148,,,,3.33220451,1,0
3,42,36,1,14,44,2,11,0,0,3,7,321.95,0,0,1.945910149,,,3.261935314,3.784189634,3,0
1,60,32,0,12,34,4,4,0,1,2,23.95,1513,0,0,3.175968324,,2.302585093,,3.526360525,2,0
2,57,51,1,7,68,4,18,0,1,3,16.05,930.4,0,0,2.77570885,,2.1102132,,4.219507705,3,0
1,64,39,0,5,37,1,9,0,0,1,10.2,640.75,0,0,2.32238772,,2.862200881,,3.610917913,1,0
2,28,20,1,1,18,3,0,0,0,3,7.7,190.05,1,1,2.041220329,3.660994251,,3.465735903,2.890371758,4,0
1,29,35,1,10,55,2,7,0,0,4,15.65,477.95,0,0,2.750470917,,3.425889994,,4.007333185,3,1
1,46,31,1,12,21,1,5,0,0,5,8.95,369.95,0,0,2.191653532,,2.224623552,,3.044522438,3,0
1,22,41,1,9,29,3,11,0,0,4,12.75,274.85,0,0,2.545531272,,,,3.36729583,1,1
2,10,56,0,26,9,2,6,1,0,2,3.2,36.9,0,0,1.16315081,,,,2.197224577,1,0
3,50,41,0,16,138,2,18,0,1,1,12.35,585.05,0,1,2.513656063,3.326832966,2.674148649,,4.927253685,2,1
1,55,65,0,34,28,4,12,1,1,1,18.6,1007.3,0,0,2.923161581,,2.691243083,3.718438256,3.33220451,4,0
2,15,54,0,7,62,1,11,0,0,1,3.15,54.25,0,0,1.147402453,,,,4.127134385,1,0
1,31,32,1,13,37,3,8,0,1,3,4.6,140.55,1,0,1.526056303,,2.1690537,4.033355291,3.610917913,4,0
3,5,44,0,5,83,1,16,0,1,1,4.65,12.3,0,0,1.53686722,3.228826156,,,4.418840608,2,1
2,69,63,0,28,168,1,43,0,1,2,14.5,1020.3,0,0,2.674148649,,2.90416508,,5.123963979,3,0
2,26,27,1,4,33,4,1,0,0,6,5.85,114.55,1,1,1.766441661,3.748326913,2.583997552,3.530762586,3.496507561,4,1
3,10,33,1,2,66,3,9,0,1,4,7.1,59.3,1,0,1.960094784,,3.228826156,,4.189654742,1,1
1,26,30,0,9,18,4,1,0,0,3,7.25,171.85,0,0,1.981001469,,3.481240089,,2.890371758,4,1
3,25,30,0,0,20,1,4,0,1,1,8.55,215.95,0,0,2.145931283,,2.740840024,,2.995732274,3,0
3,30,23,1,4,19,3,1,0,0,4,7.9,253.05,1,1,2.066862759,3.561046083,3.314186005,,2.944438979,2,0
1,21,39,1,7,25,2,1,0,0,4,8.5,175.3,0,0,2.140066163,,2.995732274,3.442019376,3.218875825,3,0
1,71,46,0,27,119,5,7,0,1,1,42.85,3080.85,1,1,3.757705645,4.249209273,2.708050201,4.718052343,4.779123493,4,0
3,11,48,1,5,323,4,25,0,0,4,5.25,48.5,1,0,1.658228077,,3.079613758,3.248434627,5.777652323,3,1
1,24,30,1,7,45,1,11,0,1,2,6,134.7,0,0,1.791759469,,,,3.80666249,1,0
1,65,59,1,27,197,4,26,0,0,2,45.4,2973.55,0,1,3.815512105,3.248434627,3.844814256,,5.283203729,2,0
1,16,34,1,13,56,3,10,0,1,3,9.35,157,0,0,2.235376343,,,,4.025351691,1,1
3,37,51,1,26,24,4,4,0,0,2,8.2,288.4,0,1,2.104134154,,2.621038824,,3.17805383,2,0
1,5,30,0,4,25,3,6,0,0,1,2.4,25.45,0,0,0.875468737,3.314186005,,,3.218875825,3,1
1,3,55,1,9,26,5,0,0,1,2,6.4,22.4,1,1,1.85629799,3.440418095,,,3.258096538,2,1
1,5,32,0,6,33,4,3,0,0,2,3.2,24.55,1,1,1.16315081,3.072693315,,,3.496507561,1,1
1,60,44,1,4,150,2,24,0,0,2,20,1207.3,0,1,2.995732274,,2.708050201,3.605497845,5.010635294,4,0
2,19,37,1,4,99,2,15,0,1,3,8,142.05,1,1,2.079441542,,,,4.59511985,2,1
3,54,40,0,19,50,4,12,0,1,2,22.8,1266.1,1,1,3.126760536,,1.609437912,3.498021566,3.912023005,4,0
2,25,41,0,3,81,3,20,0,1,4,7.4,193.65,0,0,2.00148,,2.397895273,,4.394449155,3,0
2,1,36,0,6,21,1,1,0,0,2,1.35,1.35,0,1,0.300104592,3.117949906,,,3.044522438,2,1
3,54,68,0,7,273,3,27,0,1,1,18.35,1003.2,1,1,2.909629575,,1.791759469,,5.609471795,1,0
1,14,31,1,9,39,3,4,0,1,7,4.4,60.65,0,0,1.481604541,,,,3.663561646,1,0
3,14,28,1,7,17,2,3,0,0,4,5.8,86.75,0,1,1.757857918,3.037353948,,,2.833213344,1,1
2,10,45,1,8,115,3,17,0,1,4,5.7,52.95,1,1,1.740466175,3.333988632,,,4.744932128,2,1
1,7,23,0,3,27,2,1,0,1,3,3.65,21,0,0,1.294727168,,1.945910149,,3.295836866,1,0
2,33,45,0,24,35,1,6,0,0,1,5.65,205.75,0,0,1.731655545,,3.238678452,,3.555348061,3,1
1,3,23,0,2,20,2,4,0,0,1,4.65,11.2,1,1,1.53686722,3.401197382,,,2.995732274,1,0
2,56,58,1,3,92,1,25,0,0,3,8.25,476.7,0,0,2.1102132,,2.983153491,,4.521788577,1,0
2,54,56,0,8,207,2,35,0,1,1,9,464.65,0,0,2.197224577,,2.197224577,,5.332718793,3,0
1,72,55,1,28,40,1,11,0,0,5,34.25,2472.65,0,0,3.533686565,,3.576550269,,3.688879454,2,0
1,18,29,0,4,40,2,1,0,0,1,9.5,196.2,1,0,2.251291799,3.308716529,,,3.688879454,3,0
3,25,29,0,9,55,4,1,0,0,1,5.25,147.95,0,1,1.658228077,,,,4.007333185,1,1
1,42,62,0,26,26,1,35,1,1,1,8.75,337.75,0,1,2.1690537,,3.295836866,,3.258096538,1,0
3,4,37,0,2,41,2,8,0,0,1,2.8,5.3,1,0,1.029619417,3.39785848,2.803360381,,3.713572067,1,0
2,12,50,1,16,203,4,25,0,0,2,4.95,71.5,0,1,1.599387577,,2.420368129,3.342861805,5.313205979,1,1
2,53,64,1,17,380,2,36,0,1,2,12.85,687.9,0,0,2.553343811,,2.708050201,,5.940171253,3,0
2,13,38,1,8,104,4,6,0,0,7,10.25,160.4,1,1,2.327277706,,3.248434627,4.074991834,4.644390899,4,1
3,18,31,1,12,24,3,4,0,0,4,12.15,202.2,0,1,2.49732917,,,,3.17805383,2,0
3,67,42,1,20,81,3,20,0,1,5,24.4,1701,0,0,3.194583132,,2.251291799,3.602776755,4.394449155,4,0
2,6,24,0,2,17,1,1,0,0,1,3.25,29.25,0,0,1.178654996,,2.724579503,,2.833213344,3,0
1,25,46,0,13,45,1,12,0,1,1,5.4,155,0,0,1.686398954,,,,3.80666249,3,0
2,15,39,0,19,32,2,2,0,0,1,3.45,44.45,0,1,1.238374231,3.461037382,,,3.465735903,2,1
3,32,35,0,12,57,4,5,0,0,1,8.6,259.3,0,0,2.151762203,3.402862661,,,4.043051268,2,0
2,22,39,0,0,63,4,9,0,0,1,6.2,121.7,1,1,1.824549292,3.06105174,,,4.143134726,2,1
2,8,22,0,3,25,4,0,0,0,1,8,61.55,0,0,2.079441542,,2.90416508,2.96784707,3.218875825,3,0
1,3,31,1,4,22,1,1,0,0,2,3.4,7.6,1,1,1.223775432,3.122364924,,,3.091042453,1,1
2,32,54,0,6,155,2,20,0,0,1,16.35,528.5,0,0,2.794227897,,,,5.043425117,1,0
1,49,54,0,24,30,2,5,0,0,1,15.5,754.8,0,0,2.740840024,,2.656756907,,3.401197382,2,0
2,2,28,0,7,46,3,0,0,1,1,3.45,6.55,0,1,1.238374231,,,2.714694744,3.828641396,4,0
1,39,47,0,1,68,4,10,0,1,2,8.3,308.55,1,1,2.116255515,,,,4.219507705,2,1
1,42,33,0,2,67,2,5,0,0,2,6.7,270.2,0,0,1.902107526,,3.228826156,,4.204692619,2,0
1,28,36,0,3,69,3,2,0,0,1,6.05,153.05,0,1,1.800058272,3.726897521,3.457892725,3.60004824,4.234106505,4,0
2,41,46,1,14,47,2,11,0,0,5,6.3,279.7,0,0,1.840549633,4.021773869,2.995732274,3.93084476,3.850147602,4,0
3,67,50,1,31,83,2,12,0,0,2,29.45,1921.55,0,1,3.38269391,3.120159852,2.944438979,,4.418840608,2,0
1,38,40,0,15,34,2,11,0,1,1,4.25,157.6,1,0,1.446918983,2.985681938,1.945910149,,3.526360525,2,0
2,18,38,0,8,45,2,2,0,1,4,2.7,45.6,1,1,0.993251773,3.590439381,2.708050201,3.152736022,3.80666249,4,1
2,6,42,1,17,29,2,2,0,1,2,4.3,13.4,0,0,1.458615023,,3.36729583,3.46260601,3.36729583,4,0
2,4,36,0,0,21,2,1,0,1,3,3.3,22.1,0,0,1.193922468,,,,3.044522438,1,0
1,13,23,1,3,30,3,0,0,1,4,5.15,53.5,1,0,1.638996715,3.362109993,,,3.401197382,4,0
1,20,35,0,0,78,4,7,0,0,1,5.5,97.15,1,1,1.704748092,3.83081295,,3.562465529,4.356708827,4,1
1,34,49,1,27,61,3,15,0,1,2,12.65,414.9,0,0,2.537657215,,,,4.110873864,3,0
1,46,29,1,4,90,5,3,0,0,4,16.85,736.45,1,0,2.824350657,,3.540959324,3.683866912,4.49980967,4,0
1,48,41,0,21,43,2,7,0,0,1,19.5,887.7,0,0,2.970414466,,2.463853241,,3.761200116,2,0
3,69,61,1,12,301,2,37,0,0,2,26.05,1738.15,0,0,3.260017768,3.734091797,2.788092909,3.649358696,5.707110265,3,0
1,32,34,1,7,32,2,15,0,0,4,9.25,285.75,0,0,2.224623552,,,,3.465735903,1,0
1,29,29,0,9,41,2,9,0,0,2,4.75,112,0,1,1.558144618,3.62300671,,,3.713572067,2,0
3,55,52,0,22,127,1,28,0,1,3,7.05,400.55,0,1,1.953027617,,3.008154794,,4.844187086,2,0
3,72,60,1,36,271,1,43,0,1,2,21.7,1580.4,0,0,3.077312261,,3.956039891,,5.602118821,3,0
3,29,26,0,1,32,3,2,0,1,1,3.4,111.5,0,0,1.223775432,,2.756840365,,3.465735903,1,1
2,50,25,1,1,36,4,2,0,1,5,13.05,682.2,0,1,2.568788134,3.703768067,2.327277706,3.709906821,3.583518938,4,0
3,35,50,1,11,293,3,21,0,0,2,12.25,416.4,0,1,2.505525937,3.173878459,,,5.680172609,1,1
3,11,63,0,9,41,3,3,0,0,1,4.15,46.35,1,1,1.423108334,3.39785848,,,3.713572067,1,1
1,9,29,0,9,39,3,5,0,1,1,4.2,22,0,1,1.435084525,,,,3.663561646,1,0
2,51,48,0,27,58,1,18,0,0,1,19.2,964.85,0,0,2.954910279,,2.224623552,,4.060443011,3,1
1,33,34,1,2,28,1,3,0,1,3,13.4,438.9,1,0,2.595254707,,,,3.33220451,2,0
1,25,20,0,0,15,2,0,0,0,2,10.7,296.75,0,0,2.370243741,,2.931193752,,2.708050201,3,0
3,31,34,0,9,105,4,7,0,1,4,6.45,182.35,0,0,1.864080131,,1.749199855,,4.65396035,3,0
2,67,40,1,10,80,4,8,0,1,2,33.05,2225.15,1,1,3.498021566,3.980615797,2.931193752,3.872242135,4.382026635,4,0
3,55,45,0,8,36,2,9,0,0,3,25.65,1423,0,0,3.244543572,,2.463853241,,3.583518938,3,0
3,19,50,0,7,112,4,3,0,1,1,7.15,160.2,0,1,1.967112357,3.802208139,2.656756907,3.840527004,4.718498871,4,0
1,39,34,1,11,55,4,10,0,1,4,18.45,742.5,1,0,2.91506437,4.04217369,3.569532696,3.868071118,4.007333185,4,0
2,52,35,1,8,40,4,1,0,0,2,10.75,546.65,0,0,2.374905755,3.563882964,2.397895273,3.797733859,3.688879454,3,0
3,55,37,1,15,23,2,0,0,1,5,12.95,716.25,0,0,2.561095788,,3.267665989,,3.135494216,3,0
2,25,62,0,27,28,4,33,1,1,1,8.3,160.4,0,1,2.116255515,3.951243719,2.890371758,3.850147602,3.33220451,4,1
3,33,58,0,12,21,2,23,1,1,1,8.8,264.05,0,0,2.174751721,,3.032546247,,3.044522438,1,0
2,48,35,0,5,63,4,12,0,0,2,13.4,560.55,0,0,2.595254707,,3.314186005,,4.143134726,3,1
2,48,31,1,12,52,4,3,0,0,3,8.15,364.8,1,1,2.098017927,3.93084476,3.457892725,4.017283516,3.951243719,4,0
2,49,57,0,3,189,1,31,0,1,3,11,476.15,0,0,2.397895273,,2.1690537,,5.241747015,1,0
3,54,32,1,0,50,1,15,0,0,3,18.15,958.7,0,0,2.898670561,3.895893623,3.056356895,,3.912023005,3,1
1,45,32,1,9,23,1,15,0,0,4,9.85,469.1,0,0,2.287471455,,,,3.135494216,1,0
3,4,37,1,1,33,2,15,0,1,5,2.45,19.25,1,1,0.896088025,3.086486637,,,3.496507561,1,1
3,49,27,1,3,29,3,6,0,1,3,10.4,476.45,1,1,2.341805806,3.784189634,,,3.36729583,2,1
2,23,35,0,2,96,3,4,0,0,1,6.4,160.3,1,1,1.85629799,3.62700405,3.124565145,3.832979798,4.564348191,4,1
2,31,44,0,23,80,5,15,0,0,1,14.05,465.2,1,1,2.642622396,3.412796518,,,4.382026635,2,1
2,55,44,1,2,68,2,15,0,0,5,6.6,350.85,0,0,1.887069649,,3.384390263,,4.219507705,3,0
1,9,28,0,7,30,1,4,0,1,6,4.2,47.45,0,0,1.435084525,,,,3.401197382,1,0
2,55,57,1,25,34,2,12,0,0,3,14.6,785.4,0,0,2.681021529,,3.384390263,,3.526360525,1,0
1,34,30,0,3,35,2,2,0,1,3,9.05,333,0,1,2.202764758,,2.079441542,,3.555348061,3,0
1,10,23,0,4,36,2,1,0,0,3,8.55,86.05,0,0,2.145931283,,3.091042453,,3.583518938,3,0
2,62,76,0,20,35,3,18,1,1,1,17.25,1045.7,0,1,2.847812143,,2.876385516,,3.555348061,2,0
2,51,36,0,13,62,3,9,0,0,2,5.65,305.75,1,0,1.731655545,,2.983153491,3.698829785,4.127134385,4,0
1,65,48,0,28,94,1,25,0,0,1,10.4,664.65,0,0,2.341805806,,3.113515309,,4.543294782,2,0
3,53,33,0,1,60,1,6,0,0,2,17.65,950.7,0,0,2.870735783,,3.713572067,3.351656936,4.094344562,4,0
1,23,35,0,4,118,2,11,0,0,1,7.9,196.95,1,1,2.066862759,3.406184923,,,4.770684624,1,1
3,1,30,0,3,135,4,3,0,0,3,1.1,1.1,1,1,0.09531018,3.126760536,1.011600912,,4.905274778,1,1
3,66,55,0,20,80,2,24,0,1,1,14,938.35,0,0,2.63905733,,2.691243083,,4.382026635,3,0
3,8,27,1,0,21,3,3,0,1,2,3.65,38.05,1,1,1.294727168,3.595941458,,,3.044522438,2,0
3,18,28,1,3,22,1,2,0,1,5,3.15,55.55,0,0,1.147402453,,2.251291799,,3.091042453,1,0
3,36,32,1,3,63,4,7,0,0,4,6.2,229.5,1,0,1.824549292,3.386083744,2.545531272,,4.143134726,2,0
1,13,40,0,16,142,2,18,0,1,1,8.45,109.85,0,0,2.134166441,,,,4.955827058,1,1
3,4,44,0,15,32,3,0,0,1,1,2.1,6.9,1,0,0.741937345,3.25617161,2.1690537,,3.465735903,3,1
3,20,32,0,10,19,3,5,0,0,1,6.85,106.5,1,1,1.924248652,3.584906864,,,2.944438979,2,0
1,66,39,1,12,60,4,10,0,0,3,20.15,1443.75,1,1,3.003204288,3.835141961,2.847812143,3.594568775,4.094344562,4,0
3,67,47,1,7,97,1,23,0,0,4,22.4,1464.9,0,0,3.109060959,,2.917770732,,4.574710979,3,0
1,11,24,1,0,31,2,3,0,1,4,5.4,83.15,1,1,1.686398954,3.668676747,2.621038824,3.513036863,3.433987204,4,1
1,6,26,0,7,30,3,1,0,1,2,6.35,30.8,1,0,1.848454813,2.983153491,,,3.401197382,1,1
2,13,23,1,4,31,1,5,0,1,4,4.6,54.85,1,1,1.526056303,3.568123253,,3.321432413,3.433987204,1,0
2,2,29,1,3,44,2,9,0,1,6,2.1,5.1,1,1,0.741937345,3.765840495,2.505525937,3.514526067,3.784189634,4,1
1,4,40,0,12,38,2,5,0,0,1,8.15,32.25,0,0,2.098017927,,2.48490665,,3.63758616,1,0
1,34,63,1,10,23,2,0,0,1,2,14.3,459.05,1,1,2.660259537,3.678829118,2.724579503,3.365570204,3.135494216,4,0
1,13,34,1,6,37,3,6,0,0,4,6.85,102.5,0,0,1.924248652,,,,3.610917913,3,0
2,37,40,1,14,26,2,0,0,0,5,18.9,653.15,0,1,2.939161922,,2.48490665,,3.258096538,2,0
1,45,30,1,8,38,2,5,0,0,6,12.75,622.15,0,0,2.545531272,,3.16758253,,3.63758616,3,0
2,71,70,0,30,153,3,34,1,1,1,30.55,2291.1,0,0,3.419364686,,3.267665989,3.843744165,5.030437921,3,0
1,35,40,0,5,49,1,20,0,1,1,3.4,107.85,0,0,1.223775432,,,,3.891820298,1,0
3,44,41,0,21,51,3,7,0,0,1,4.95,203.65,1,1,1.599387577,3.451573589,2.374905755,,3.931825633,1,0
3,44,45,1,19,88,1,21,0,0,2,11.9,524.25,0,0,2.4765384,,2.1102132,,4.477336814,3,0
1,26,41,1,20,19,1,0,0,1,6,5.45,165.4,0,0,1.695615609,,,,2.944438979,1,0
2,42,46,1,9,31,1,12,0,1,3,5.9,277.65,0,0,1.774952351,,3.135494216,,3.433987204,1,0
2,41,47,1,6,90,2,19,0,0,3,6.7,251.35,1,0,1.902107526,3.005682604,3.442019376,,4.49980967,1,1
1,31,24,1,3,14,1,0,0,0,4,7.2,231.75,0,0,1.974081026,,,,2.63905733,1,0
3,62,63,0,43,341,2,30,0,0,1,14.6,912.4,1,0,2.681021529,,2.656756907,,5.831882477,3,1
1,12,23,1,2,24,4,0,0,1,8,3.2,35.5,1,0,1.16315081,,2.756840365,3.56671182,3.17805383,4,0
2,45,49,1,27,81,2,7,0,1,4,13.85,583.1,0,0,2.628285233,,3.044522438,,4.394449155,3,0
1,47,34,1,4,63,2,13,0,1,4,18.95,880.75,0,0,2.941803932,,3.417726684,,4.143134726,1,0
2,23,22,1,1,27,1,4,0,0,5,7.9,210.85,0,0,2.066862759,,2.756840365,,3.295836866,3,0
3,39,34,0,4,20,5,3,0,1,1,9.55,375.4,1,1,2.256541154,4.080921542,2.302585093,4.371976299,2.995732274,4,0
2,19,26,0,2,48,3,0,0,0,2,7.55,156.15,0,0,2.021547563,,1.871802177,,3.871201011,3,0
1,13,54,0,12,121,4,23,0,0,1,7.3,102.4,0,0,1.987874348,,,,4.795790546,3,0
2,5,33,0,6,39,3,4,0,0,3,2.1,5.2,0,1,0.741937345,3.312366168,,,3.663561646,4,1
2,11,19,0,0,21,2,0,0,0,1,3.6,35.4,0,1,1.280933845,,,,3.044522438,1,1
3,4,32,0,2,53,4,5,0,0,1,7,29.2,0,1,1.945910149,3.267665989,,,3.970291914,1,1
3,17,42,0,8,58,1,23,0,0,1,5.05,85.05,1,0,1.619388243,3.355153443,,,4.060443011,2,1
2,7,27,0,3,39,3,2,0,0,1,3.55,19.7,0,0,1.266947603,,,,3.663561646,1,1
1,19,65,0,3,108,1,33,0,0,3,5.95,117.55,0,0,1.78339122,,2.420368129,,4.682131227,3,0
2,32,34,1,0,38,1,10,0,0,4,7.35,217.45,0,1,1.994700313,,2.957511061,,3.63758616,2,0
2,53,51,0,31,245,4,0,0,0,1,18.45,961.75,0,0,2.91506437,,2.397895273,,5.501258211,2,0
1,51,38,0,19,51,1,18,0,1,1,11.7,577.1,0,0,2.459588842,,3.146305132,,3.931825633,3,0
1,35,34,0,7,78,4,10,0,1,1,13.9,556.2,0,0,2.63188884,,1.504077397,,4.356708827,1,0
1,3,31,1,4,23,4,4,0,0,5,2.8,8.2,0,1,1.029619417,3.583518938,3.630985476,3.077312261,3.135494216,4,1
1,22,48,0,7,88,4,12,0,0,1,4.5,92.65,1,0,1.504077397,3.461037382,,,4.477336814,1,1
3,17,21,1,0,25,2,1,0,1,3,6.1,89.6,0,1,1.808288771,,,,3.218875825,3,0
2,68,39,0,20,73,2,16,0,1,1,44.95,3002.2,0,0,3.805550761,,2.995732274,,4.290459441,2,0
2,27,41,1,7,62,4,15,0,1,2,13.7,371.35,0,0,2.617395833,,1.909542505,,4.127134385,3,0
3,68,52,1,8,456,3,30,0,1,4,22.25,1549.95,0,0,3.102342009,,3.286534473,3.392829132,6.12249281,3,0
3,56,42,1,10,24,2,5,0,0,2,33.65,1871.2,0,0,3.516013056,,,,3.17805383,3,0
3,11,32,0,8,23,2,0,0,1,1,6.2,82.6,1,1,1.824549292,3.346389145,1.981001469,,3.135494216,1,0
3,5,47,0,7,46,1,6,0,1,1,2.95,21.55,0,0,1.08180517,,1.981001469,,3.828641396,1,1
3,16,50,0,5,263,2,29,0,1,3,3.75,59.75,0,1,1.32175584,3.464172181,,3.086486637,5.572154032,3,0
2,59,30,0,2,34,4,2,0,1,1,16.7,1020.35,0,0,2.815408719,3.473518043,2.463853241,,3.526360525,2,0
1,60,64,0,14,33,2,13,1,0,1,30.75,1829.4,0,1,3.425889994,,2.505525937,3.858622229,3.496507561,4,0
3,55,47,0,11,37,1,11,0,0,1,14.75,786.2,0,0,2.691243083,,2.374905755,,3.610917913,3,0
1,18,56,0,22,296,2,25,0,0,1,3.4,49.7,0,0,1.223775432,,2.1102132,,5.690359454,1,0
2,16,22,0,0,26,3,0,0,1,3,4.1,64.95,0,1,1.410986974,3.379292546,,,3.258096538,2,1
1,35,57,1,32,47,4,12,0,0,2,7.25,263.55,1,0,1.981001469,3.517497837,2.931193752,,3.850147602,2,0
3,31,23,1,1,31,3,1,0,1,2,16.6,520.4,1,1,2.809402695,4.072439727,2.803360381,3.938664936,3.433987204,4,1
2,20,49,1,5,264,2,29,0,1,2,9.6,159.2,0,0,2.261763098,,,,5.575949103,1,0
2,16,27,0,5,41,4,2,0,1,1,6.9,100.9,1,1,1.931521412,3.755369195,2.847812143,3.432372999,3.713572067,4,1
2,69,48,1,27,55,2,4,0,0,2,19.6,1411.7,0,0,2.975529566,3.533686565,4.127134385,,4.007333185,3,0
3,69,66,1,31,49,2,15,0,0,2,23.1,1566.8,0,0,3.139832618,,3.238678452,,3.891820298,1,0
2,27,24,1,3,26,1,7,0,1,4,6.05,137.7,0,0,1.800058272,,,,3.258096538,1,1
3,48,39,0,20,110,4,9,0,0,1,18.05,812.65,0,0,2.893145685,,2.1690537,3.414442608,4.700480366,3,0
1,18,52,1,20,66,1,19,0,1,2,12.8,204.95,1,0,2.549445171,,2.351375257,,4.189654742,1,0
2,24,40,1,4,39,3,5,0,1,2,4.05,117.05,0,0,1.398716881,,3.314186005,3.113515309,3.663561646,3,0
2,17,42,0,6,31,2,2,0,0,1,8.25,140.85,0,1,2.1102132,,,3.27336401,3.433987204,4,1
2,9,24,1,3,26,4,1,0,1,3,7.65,75.25,0,0,2.034705648,3.146305132,,,3.258096538,1,0
2,15,46,0,5,232,4,15,0,1,2,4.3,41.35,1,1,1.458615023,3.80999028,3.124565145,3.443618098,5.446737372,4,1
1,62,37,1,10,43,4,1,0,1,3,9.2,539.65,0,0,2.219203484,3.616308761,2.931193752,,3.761200116,2,0
1,9,41,0,12,39,4,3,0,0,1,4.7,26.3,1,1,1.547562509,3.680090948,,3.034952987,3.663561646,1,1
2,71,41,1,10,73,2,23,0,1,2,32.65,2412.6,0,0,3.485844856,,3.731699451,,4.290459441,3,0
2,62,59,1,37,74,1,20,0,0,2,16.1,972,0,0,2.778819272,,2.397895273,,4.304065093,3,0
2,20,38,0,19,237,4,13,0,0,1,6,164.2,1,0,1.791759469,3.538056564,2.277267285,3.292126287,5.468060141,4,0
1,19,33,1,11,22,1,3,0,0,5,3.95,79.6,0,0,1.373715579,,3.590439381,,3.091042453,3,0
2,49,61,1,28,21,1,8,0,0,2,15.85,757.4,0,0,2.7631695,,2.1690537,,3.044522438,3,0
3,3,64,0,3,9,2,6,1,0,1,4.95,14.8,0,0,1.599387577,,,,2.197224577,1,1
1,33,36,0,2,41,5,10,0,0,1,4.15,93.25,1,1,1.423108334,3.666122467,,3.297687005,3.713572067,1,1
2,38,44,0,1,50,4,7,0,1,1,7.15,277.5,1,1,1.967112357,3.202746443,2.302585093,,3.912023005,2,1
3,42,48,1,14,27,3,5,0,1,3,16.5,692.2,0,1,2.803360381,3.992680908,3.124565145,3.346389145,3.295836866,4,0
1,11,26,0,2,53,3,3,0,0,1,4.15,34.7,1,1,1.423108334,3.777348102,2.463853241,3.658420247,3.970291914,4,1
3,27,28,1,0,58,3,0,0,0,2,5.8,163.65,0,0,1.757857918,,,,4.060443011,3,0
3,23,50,0,1,151,4,8,0,1,1,8.25,186.5,0,0,2.1102132,,,,5.017279837,1,0
2,4,38,1,13,54,2,4,0,0,2,4.75,21.75,0,0,1.558144618,,3.881563798,3.196630216,3.988984047,3,0
3,36,42,0,5,31,1,4,0,1,1,10.05,373.75,0,0,2.307572635,,,,3.433987204,1,1
2,37,42,0,10,115,1,22,0,1,1,15.1,494.45,0,0,2.714694744,,2.917770732,,4.744932128,3,0
3,24,58,1,30,24,1,5,0,0,2,7.65,177.4,0,0,2.034705648,,,,3.17805383,1,0
3,4,24,0,1,17,2,2,0,0,3,3.2,9.9,0,0,1.16315081,,,,2.833213344,1,1
3,54,33,0,5,47,2,13,0,1,2,13.9,732.2,0,0,2.63188884,,3.008154794,,3.850147602,3,0
3,7,49,0,8,36,1,0,0,1,1,8.85,77,0,0,2.180417459,,3.974997805,,3.583518938,3,1
1,10,28,0,9,75,4,1,0,0,1,6.2,45.95,1,1,1.824549292,3.747148362,3.688879454,3.591817741,4.317488114,4,1
3,24,35,1,10,41,5,6,0,1,2,3.3,88.65,1,1,1.193922468,3.411147713,,,3.713572067,2,0
3,12,31,0,8,18,4,4,0,0,1,3.7,48.55,1,1,1.30833282,3.19047635,,,2.890371758,1,1
2,45,54,0,25,171,3,33,0,1,1,9.05,385.2,0,0,2.202764758,,2.1690537,,5.141663557,3,0
3,59,55,1,29,42,3,21,0,1,2,8.95,492.35,0,0,2.191653532,,2.724579503,,3.737669618,2,0
1,3,21,1,1,36,3,0,0,1,4,3.2,13.55,0,0,1.16315081,,,,3.583518938,1,0
3,8,35,0,6,31,5,7,0,0,1,4.4,34.65,1,1,1.481604541,3.573749147,,3.738859386,3.433987204,4,1
1,16,59,0,5,207,2,37,0,1,2,7.45,112.8,0,1,2.008214032,,2.463853241,,5.332718793,4,0
3,32,33,0,1,38,1,12,0,1,1,7.3,231.45,0,0,1.987874348,,3.518980417,,3.63758616,1,0
1,8,49,0,14,134,4,9,0,1,1,3,36.2,1,1,1.098612289,4.082609306,3.157000421,4.099332104,4.8978398,4,1
1,9,28,1,8,28,3,4,0,0,3,4.5,36.45,1,1,1.504077397,3.349904087,,,3.33220451,2,1
2,12,19,1,0,15,2,0,0,1,4,5.85,102.45,0,0,1.766441661,3.097837496,,,2.708050201,2,0
2,24,43,1,15,48,4,4,0,0,6,14.4,339.55,1,1,2.667228207,3.616308761,4.056123349,3.609565647,3.871201011,4,0
3,72,75,0,48,14,2,6,1,1,1,37.3,2686.25,0,0,3.618993327,,4.693638834,,2.63905733,2,0
3,58,61,0,42,101,4,18,0,1,1,16.35,956.85,1,0,2.794227897,,2.833213344,,4.615120517,2,0
1,70,44,1,24,87,2,18,0,0,3,18.9,1399.3,0,0,2.939161922,,3.218875825,,4.465908119,3,0
3,9,25,0,3,27,1,4,0,1,1,12.2,121.75,0,0,2.501435952,,,,3.295836866,1,1
1,49,25,0,1,27,5,0,0,1,1,9.9,496.95,1,1,2.292534757,3.764682418,1.704748092,3.292126287,3.295836866,2,0
3,52,54,0,7,59,3,22,0,0,1,15.25,800.25,0,0,2.724579503,,3.079613758,3.671224519,4.077537444,3,0
1,10,42,1,10,294,4,9,0,1,6,4.85,32.75,1,1,1.578978705,3.792112709,3.157000421,3.606855619,5.683579767,4,1
1,14,52,1,2,44,3,5,0,0,2,4.85,68.95,0,0,1.578978705,,2.656756907,2.701361213,3.784189634,3,0
1,19,27,1,3,35,2,4,0,0,6,5.4,116.2,0,0,1.686398954,,3.135494216,,3.555348061,4,0
3,12,36,1,4,205,4,10,0,1,4,5.95,53.75,1,1,1.78339122,3.645449896,,3.465735903,5.323009979,2,1
1,65,59,0,27,732,3,31,0,1,1,10.15,600.5,0,1,2.317473705,,2.583997552,,6.595780514,2,0
1,67,40,1,14,59,3,11,0,0,2,27,1722.5,0,0,3.295836866,,2.983153491,,4.077537444,3,0
2,29,24,1,3,23,1,7,0,0,2,10.2,319.65,0,0,2.32238772,,2.862200881,,3.135494216,3,0
3,55,46,0,8,87,2,19,0,1,1,17.9,982.9,1,1,2.884800713,3.33220451,2.724579503,,4.465908119,1,0
3,71,67,1,25,110,1,23,0,1,2,33.85,2255.65,0,0,3.521938999,,2.90416508,,4.700480366,3,0
3,5,44,1,2,83,3,14,0,1,3,4,32,1,0,1.386294361,,3.008154794,3.08876714,4.418840608,3,1
3,60,58,0,0,63,4,21,0,1,3,16.35,1012.55,0,1,2.794227897,3.171784217,2.583997552,,4.143134726,2,0
2,10,40,0,6,22,3,6,0,1,1,5.05,59.95,1,0,1.619388243,,,,3.091042453,1,1
3,52,64,0,44,43,3,7,0,0,1,12.85,647.95,1,0,2.553343811,3.886705197,3.17805383,3.614963771,3.761200116,4,0
2,61,43,1,22,35,2,11,0,0,3,21.05,1264,1,1,3.04690056,,2.847812143,,3.555348061,2,0
1,61,29,1,5,48,2,11,0,0,4,17.55,1035.95,0,0,2.86505395,,3.610917913,,3.871201011,2,0
2,67,47,1,19,69,3,12,0,0,3,49.35,3235.55,0,0,3.898937766,,2.327277706,,4.234106505,3,0
3,41,42,1,12,26,4,5,0,0,4,10.95,482.4,1,0,2.393339456,,,,3.258096538,2,0
1,30,28,0,1,20,1,8,0,1,1,12.4,369.45,0,0,2.517696473,,,,2.995732274,1,1
1,24,46,0,12,43,2,6,0,0,1,12.05,307.75,0,1,2.48906466,,3.496507561,3.337547355,3.761200116,4,0
1,72,75,0,37,33,1,44,1,1,1,49.3,3417.4,0,0,3.897924081,,3.258096538,,3.496507561,2,0
2,17,35,0,7,66,2,11,0,0,1,5.15,79.05,1,1,1.638996715,3.372454913,2.420368129,3.333988632,4.189654742,4,1
2,65,72,0,46,12,2,0,1,0,1,29.6,1872.8,0,0,3.387774361,,2.890371758,,2.48490665,3,0
1,15,30,1,8,90,2,11,0,0,5,7.35,125.8,1,1,1.994700313,,2.277267285,3.135494216,4.49980967,4,0
1,34,33,0,8,35,3,2,0,1,1,7.5,258.4,0,0,2.014903021,,,,3.555348061,2,1
1,26,43,0,23,51,5,4,0,1,1,7.9,267.6,1,0,2.066862759,3.08876714,,,3.931825633,2,1
2,36,45,0,22,117,3,15,0,1,1,10.5,429.1,0,1,2.351375257,,,,4.762173935,2,0
1,60,48,0,29,100,2,26,0,1,1,24.4,1567.6,0,0,3.194583132,,2.602689685,,4.605170186,3,0
1,16,54,0,20,147,1,29,0,0,4,6.95,98.5,0,0,1.93874166,,1.871802177,,4.990432587,3,0
2,1,33,0,5,53,4,6,0,1,1,1.95,1.95,0,0,0.667829373,,,,3.970291914,1,1
3,56,30,1,9,57,5,2,0,0,4,16.85,948.3,1,1,2.824350657,3.602776755,1.871802177,,4.043051268,2,0
2,6,50,0,5,37,2,0,0,0,1,5.35,38.4,0,1,1.677096561,3.15912582,,,3.610917913,2,0
2,48,34,0,7,42,3,2,0,1,1,14.15,678.3,0,0,2.649714624,,2.079441542,,3.737669618,2,0
2,34,36,1,17,50,1,4,0,0,2,10.2,326.8,0,0,2.32238772,,2.621038824,,3.912023005,3,0
2,54,42,1,0,55,4,2,0,0,5,14.3,695.2,1,1,2.660259537,4.129550818,2.957511061,4.427238977,4.007333185,4,1
3,38,31,1,2,42,2,7,0,1,4,10.8,407.55,0,0,2.379546134,,2.224623552,,3.737669618,4,0
2,25,55,0,15,37,1,7,0,1,1,10.95,302.8,0,0,2.393339456,,,,3.610917913,1,1
1,47,69,1,17,228,3,39,0,1,4,10.8,464.35,1,1,2.379546134,3.624340933,3.044522438,3.929862924,5.429345629,4,1
1,72,62,1,35,163,5,31,0,0,2,28.35,2017.6,1,0,3.34462703,3.80999028,3.682609841,4.035125203,5.093750201,4,0
2,6,35,1,6,28,4,3,0,1,3,3.25,9.35,1,0,1.178654996,3.672495975,2.917770732,3.411147713,3.33220451,4,0
1,30,51,1,9,118,5,21,0,1,2,6.4,201.4,0,0,1.85629799,,,,4.770684624,1,0
1,65,70,1,9,115,2,39,1,1,2,26.85,1749.6,0,1,3.290265821,,3.761200116,3.518980417,4.744932128,4,0
1,22,44,1,19,37,4,1,0,0,2,14.3,332.9,0,0,2.660259537,,2.917770732,,3.610917913,3,0
1,60,53,0,32,93,1,28,0,0,1,13.35,806.35,0,0,2.591516385,,3.044522438,,4.532599493,3,0
2,19,32,0,12,71,4,5,0,1,1,5.25,97.4,1,1,1.658228077,4.133565275,2.833213344,3.867025639,4.262679877,4,1
3,18,25,0,4,26,2,7,0,1,3,3.3,50.35,0,0,1.193922468,,3.433987204,,3.258096538,1,0
1,9,37,1,10,14,4,5,0,1,6,2.4,22.6,0,0,0.875468737,3.228826156,,,2.63905733,1,1
1,1,34,1,6,18,1,0,0,1,2,1.6,1.6,1,0,0.470003629,,,,2.890371758,1,1
3,10,28,1,2,36,4,0,0,1,3,6.3,67.5,1,1,1.840549633,3.308716529,,3.120159852,3.583518938,4,0
3,45,34,1,14,43,4,0,0,0,4,6.55,315.2,1,1,1.87946505,3.476614021,,,3.761200116,2,1
1,25,28,1,6,41,4,4,0,1,4,5.8,138.85,0,1,1.757857918,3.521938999,3.449987546,3.280911216,3.713572067,3,1
3,66,39,0,1,66,2,15,0,1,1,11.6,785.7,0,0,2.451005098,,2.442347035,,4.189654742,2,0
1,27,67,0,1,33,4,19,1,1,1,3.6,136.9,0,0,1.280933845,3.476614021,2.48490665,,3.496507561,3,1
1,19,41,0,5,53,4,6,0,0,1,6.45,157.3,0,0,1.864080131,,,,3.970291914,1,0
2,17,41,1,9,28,4,3,0,0,6,1.8,27.1,0,0,0.587786665,,2.302585093,,3.33220451,1,0
2,16,36,0,13,58,4,4,0,0,1,4.85,89.95,0,1,1.578978705,3.457892725,,,4.060443011,1,0
1,8,42,1,2,129,4,17,0,1,3,6.1,63.8,1,1,1.808288771,,,,4.859812404,1,0
1,3,25,0,0,65,4,0,0,1,1,3.3,5.9,1,1,1.193922468,3.533686565,2.420368129,,4.17438727,4,1
3,59,57,0,26,311,3,36,0,1,1,28.75,1719.2,0,0,3.358637767,,2.014903021,,5.739792912,1,0
2,45,37,0,2,57,3,14,0,1,1,10.8,508.8,0,1,2.379546134,3.218875825,,,4.043051268,2,0
1,66,62,0,31,47,2,4,0,1,1,34.25,2298.25,0,0,3.533686565,,2.995732274,,3.850147602,2,0
3,28,50,1,7,25,1,3,0,0,2,14.85,378.85,0,0,2.697999865,,2.564949357,,3.218875825,1,0
1,15,38,1,11,46,5,11,0,0,3,3.85,56.3,0,0,1.348073148,,,,3.828641396,1,1
3,39,34,1,10,51,3,13,0,1,4,7.9,304.45,0,0,2.066862759,,3.555348061,3.658420247,3.931825633,4,0
3,38,33,0,4,19,2,5,0,1,2,8.5,323.85,0,0,2.140066163,,,,2.944438979,3,0
3,34,29,0,5,26,3,4,0,1,2,6.75,195.2,1,1,1.909542505,3.250374492,,,3.258096538,2,0
3,60,57,1,18,72,5,30,1,0,2,20.35,1263.9,1,1,3.013080912,3.917010547,3.020424886,4.02356438,4.276666119,4,0
3,72,65,1,33,71,1,41,1,1,4,53.65,4036.9,0,0,3.982481469,,4.193435465,,4.262679877,3,0
1,42,42,1,9,41,2,13,0,0,8,15,597.2,0,0,2.708050201,,,,3.713572067,3,0
3,32,37,0,9,44,2,7,0,0,1,11.25,359.35,0,1,2.420368129,,,,3.784189634,1,0
3,48,50,1,4,208,4,19,0,1,2,12.9,652.9,1,1,2.557227311,3.765840495,2.48490665,3.719651113,5.33753808,4,1
3,63,37,1,1,45,4,9,0,1,6,14.95,974.15,1,1,2.7047113,3.669951444,2.602689685,,3.80666249,2,0
3,45,27,1,3,39,3,2,0,0,4,13.45,583.9,0,0,2.598979106,,,,3.663561646,2,0
2,68,42,0,16,89,4,12,0,0,1,25.6,1759.6,1,1,3.242592351,3.496507561,2.772588722,,4.48863637,2,0
1,6,29,1,4,19,2,5,0,1,2,4.2,25.25,0,0,1.435084525,,,,2.944438979,1,0
1,68,57,1,33,15,2,0,0,1,2,16.1,1120.35,1,1,2.778819272,,2.931193752,3.923951576,2.708050201,4,1
3,72,68,1,26,59,2,36,1,1,2,58.65,4219.1,1,0,4.071587575,3.642835516,3.008154794,3.888754378,4.077537444,4,0
3,53,38,1,15,20,3,6,0,1,4,12.05,547.05,1,1,2.48906466,,2.374905755,3.008154794,2.995732274,2,0
3,20,51,1,11,27,4,6,0,0,3,9.05,182.95,0,1,2.202764758,,2.442347035,,3.295836866,3,0
2,70,35,1,4,48,2,9,0,0,3,43.6,3040.8,0,0,3.77505715,,3.401197382,,3.871201011,2,0
3,32,47,0,25,135,2,6,0,1,1,10.5,353,1,0,2.351375257,,,,4.905274778,1,0
2,61,52,1,23,19,1,0,0,0,2,18.2,1037.65,0,0,2.901421594,3.399529325,2.224623552,,2.944438979,3,1
1,24,25,1,3,28,4,0,0,0,3,10.6,267.3,1,1,2.360854001,3.698829785,3.228826156,3.152736022,3.33220451,2,0
2,56,61,1,14,12,1,16,1,1,2,16.85,881.65,0,0,2.824350657,,2.420368129,,2.48490665,1,0
3,54,59,0,28,28,2,15,0,0,1,10.7,638.55,1,0,2.370243741,3.454738149,1.658228077,2.947067102,3.33220451,2,0
3,43,38,1,7,18,3,8,0,1,3,9.4,411.15,1,0,2.240709689,3.677565694,,3.380994674,2.890371758,4,0
1,19,35,0,7,58,3,5,0,1,1,3.65,65.15,1,0,1.294727168,3.696351469,3.056356895,3.762362231,4.060443011,4,1
3,5,43,0,16,72,3,17,0,1,1,5.55,23.9,0,0,1.713797928,,1.871802177,,4.276666119,3,0
1,24,61,1,6,112,4,3,0,1,4,8.2,210.25,1,1,2.104134154,,2.397895273,,4.718498871,1,1
3,62,35,1,2,28,2,8,0,1,2,18.45,1152.7,0,0,2.91506437,,2.944438979,,3.33220451,2,0
2,14,40,0,13,398,5,11,0,1,1,6.4,71,1,1,1.85629799,3.763522997,3.16758253,3.864931398,5.986452005,4,1
3,60,48,1,22,106,3,21,0,1,3,13.05,760.95,0,0,2.568788134,,2.833213344,4.242045918,4.663439094,4,0
2,30,74,1,12,10,1,3,1,1,2,7.25,225.3,0,0,1.981001469,,2.847812143,,2.302585093,3,0
1,40,42,1,16,108,3,17,0,0,4,4.95,205.65,1,1,1.599387577,3.391147046,,,4.682131227,2,1
2,42,50,1,17,85,2,15,0,1,4,14.3,567.95,0,0,2.660259537,,2.442347035,,4.442651256,1,0
1,20,34,0,14,51,3,9,0,1,1,5.65,126.4,1,0,1.731655545,,,,3.931825633,2,1
1,4,22,1,1,22,2,2,0,1,3,2.25,8,0,0,0.810930216,,3.157000421,,3.091042453,3,0
2,44,49,1,2,66,2,8,0,1,4,4.25,184.9,0,0,1.446918983,,3.657130756,3.677565694,4.189654742,4,0
3,49,63,0,18,10,2,2,1,0,1,13.9,668.95,0,0,2.63188884,,2.545531272,,2.302585093,3,0
3,5,36,1,2,34,1,4,0,1,2,3.5,14.2,0,0,1.252762968,,,,3.526360525,3,1
3,70,50,1,29,67,1,22,0,0,4,51.9,3438.4,0,0,3.94931879,,2.756840365,,4.204692619,2,0
1,30,57,1,16,19,1,1,0,0,4,7.25,200.1,0,0,1.981001469,,2.140066163,,2.944438979,1,1
2,28,48,0,20,128,4,4,0,1,1,10,313.05,1,1,2.302585093,3.981549068,3.277144733,4.012772909,4.852030264,4,1
1,5,28,1,3,39,5,1,0,0,6,4.7,30.75,1,0,1.547562509,3.798854307,2.803360381,3.481240089,3.663561646,4,0
2,27,35,0,12,56,1,3,0,1,1,8.25,202.55,0,1,2.1102132,3.573749147,2.397895273,3.521938999,4.025351691,4,0
2,17,39,0,12,45,4,10,0,1,1,8.65,133.1,0,1,2.157559321,3.365570204,,,3.80666249,1,1
1,4,37,1,8,25,1,1,0,1,5,2.5,9.15,0,0,0.916290732,,,,3.218875825,1,0
1,30,23,1,0,24,2,1,0,1,4,13.35,397.4,1,0,2.591516385,,,,3.17805383,3,0
3,71,40,1,19,53,4,14,0,1,2,10.15,781.7,1,0,2.317473705,,3.32323584,3.646754528,3.970291914,4,0
3,67,77,0,55,49,1,45,1,1,1,25.35,1692,0,0,3.23277873,,3.286534473,,3.891820298,1,0
3,24,48,1,3,38,1,16,0,1,2,5.55,133.4,0,0,1.713797928,,2.420368129,,3.63758616,1,0
1,24,54,1,7,84,3,10,0,1,2,11.45,288.05,1,1,2.43798973,3.356897123,2.351375257,,4.430816799,1,1
2,59,54,0,32,126,1,22,0,1,1,13.6,796.4,0,0,2.610069793,,2.463853241,,4.836281907,3,0
3,59,32,0,9,73,4,5,0,0,1,29.2,1726.6,0,1,3.374168709,,2.545531272,,4.290459441,2,1
3,44,37,1,1,41,4,8,0,1,6,9.15,387.95,1,1,2.213753879,,,,3.713572067,2,0
1,19,31,1,0,22,4,2,0,0,3,4.85,88.9,0,0,1.578978705,,,,3.091042453,2,1
2,58,46,1,23,23,1,2,0,1,2,11.1,620.75,1,0,2.406945108,3.242592351,2.351375257,,3.135494216,1,0
1,41,53,1,22,94,2,25,0,0,2,12.65,488.15,0,0,2.537657215,,2.463853241,,4.543294782,2,0
2,16,33,0,1,30,3,7,0,0,4,9.25,138.5,0,0,2.224623552,3.723280881,2.876385516,3.713572067,3.401197382,3,1
3,13,36,0,11,31,2,0,0,0,1,2.3,30.5,0,0,0.832909123,,,,3.433987204,1,1
1,60,53,0,22,171,1,37,0,1,1,9.9,608.65,0,0,2.292534757,,2.890371758,,5.141663557,3,0
2,72,49,1,23,102,1,27,0,1,6,41.15,3098.55,0,0,3.717223927,,3.504054767,,4.624972813,2,0
2,33,39,0,17,27,4,3,0,1,1,9.7,294.8,1,1,2.272125886,3.731699451,2.140066163,4.120661871,3.295836866,4,0
2,72,45,1,25,98,4,20,0,1,2,30.25,2182.65,0,0,3.409496184,,2.583997552,3.757705645,4.584967479,4,0
1,66,54,1,8,591,4,25,0,1,2,25,1636.25,0,0,3.218875825,3.80666249,2.772588722,3.970291914,6.381816017,4,0
3,53,37,1,7,25,1,2,0,1,6,5.4,291.5,0,0,1.686398954,,3.526360525,,3.218875825,3,0
2,22,28,1,0,36,4,0,0,0,4,9.7,220.75,1,1,2.272125886,3.686376324,2.251291799,3.758871826,3.583518938,4,0
2,14,26,1,1,25,2,0,0,1,3,4.4,71.2,0,0,1.481604541,,,,3.218875825,3,0
1,52,49,0,18,69,2,13,0,1,2,18.35,893.25,0,0,2.909629575,,2.944438979,3.540959324,4.234106505,3,0
3,33,30,1,5,22,1,0,0,0,2,5.55,211.05,0,0,1.713797928,,3.617651945,3.401197382,3.091042453,3,0
3,72,66,0,26,67,2,37,1,1,1,39.1,2743.65,0,0,3.666122467,,3.682609841,,4.204692619,3,0
1,40,40,1,3,73,4,12,0,1,4,10,376.6,0,0,2.302585093,,2.63905733,3.301377046,4.290459441,3,1
2,29,26,0,1,22,4,2,0,1,1,6.1,175.3,1,1,1.808288771,3.850147602,3.188416617,3.570940156,3.091042453,4,1
3,63,67,0,22,9,2,12,1,0,1,18.05,1140.2,0,0,2.893145685,,2.944438979,,2.197224577,3,0
2,56,54,0,25,147,3,31,0,1,1,12.7,763.1,1,1,2.541601993,3.664842876,3.188416617,3.532225644,4.990432587,2,0
3,60,50,1,26,239,2,19,0,1,2,21.5,1377,0,0,3.068052935,,2.327277706,4.162003211,5.476463552,4,0
3,28,22,1,3,23,3,1,0,0,5,10.95,263.95,0,1,2.393339456,,,,3.135494216,1,0
2,39,39,0,19,29,4,6,0,0,1,5.95,227.85,1,0,1.78339122,,3.056356895,,3.36729583,2,0
3,65,39,1,18,32,2,15,0,0,4,21.1,1432.8,0,0,3.04927304,,2.277267285,,3.465735903,3,0
3,29,31,0,7,30,3,7,0,1,1,7.6,240.85,0,0,2.028148247,,2.674148649,,3.401197382,3,0
3,28,36,0,8,57,2,13,0,1,2,9.6,272.85,0,0,2.261763098,,2.847812143,,4.043051268,3,0
1,2,18,0,0,20,2,0,0,0,1,3.75,4.45,0,0,1.32175584,,3.157000421,3.299533728,2.995732274,3,1
3,67,52,0,13,248,2,20,0,1,3,35.85,2368.9,0,0,3.579343567,3.535145354,3.102342009,,5.513428746,3,0
3,5,35,1,9,59,3,8,0,1,5,3.1,21.45,1,1,1.131402111,3.634951112,3.124565145,3.27336401,4.077537444,4,0
3,48,35,0,10,24,2,6,0,0,1,16.95,874.45,0,0,2.830267834,,3.349904087,,3.17805383,3,0
2,10,26,1,4,25,1,4,0,1,3,3.7,38.2,0,0,1.30833282,,,,3.218875825,1,0
2,17,28,0,3,37,3,2,0,1,1,5.5,84.25,0,0,1.704748092,,,,3.610917913,3,1
1,21,24,1,0,30,4,0,0,1,5,17.8,374.05,1,1,2.879198457,3.591817741,2.351375257,3.457892725,3.401197382,4,0
2,25,51,0,9,66,4,13,0,0,2,6.45,140.85,1,1,1.864080131,3.874321138,3.433987204,3.54240755,4.189654742,4,0
3,44,31,0,8,16,1,3,0,0,1,14.4,632.95,0,0,2.667228207,,2.48490665,,2.772588722,1,1
2,59,49,0,28,429,4,23,0,1,2,10.2,592.2,0,1,2.32238772,3.757705645,2.772588722,3.769306703,6.061456919,4,1
2,11,26,0,7,20,2,4,0,0,1,6.95,84.05,0,0,1.93874166,,,,2.995732274,1,0
2,50,68,1,32,262,3,28,0,0,2,12.4,601.1,1,1,2.517696473,3.708682081,2.90416508,3.224857897,5.568344504,3,0
3,23,25,1,2,28,3,1,0,1,5,4.15,94.25,0,0,1.423108334,,,,3.33220451,2,0
1,17,19,0,0,18,2,0,0,1,2,7.1,120.35,1,1,1.960094784,3.216873822,,,2.890371758,2,1
1,15,62,1,3,144,3,21,0,0,2,5.25,81.05,0,0,1.658228077,,3.457892725,3.524888854,4.9698133,3,0
2,68,57,1,38,33,1,9,0,1,2,13.5,901,0,0,2.602689685,,2.944438979,,3.496507561,2,0
1,69,42,1,23,19,3,0,0,1,2,25.95,1812.15,1,1,3.25617161,3.608211551,2.931193752,,2.944438979,1,0
1,30,24,1,3,30,1,7,0,1,5,6.75,171.75,0,0,1.909542505,,,,3.401197382,1,1
3,22,30,0,8,41,2,8,0,0,1,6.1,119.95,0,0,1.808288771,,2.583997552,3.06105174,3.713572067,3,0
2,10,20,1,1,20,2,0,0,1,4,5.9,48.95,0,0,1.774952351,,,,2.995732274,1,1
1,72,59,1,12,65,3,21,0,1,6,34.65,2519.3,0,0,3.545297726,3.595941458,3.70745584,,4.17438727,2,0
2,34,24,1,5,17,4,0,0,1,2,15.25,522.45,0,0,2.724579503,,1.558144618,,2.833213344,3,0
2,43,49,1,18,66,1,22,0,0,4,8.6,376.7,0,0,2.151762203,,3.032546247,,4.189654742,3,0
3,31,37,1,15,18,4,5,0,0,3,5.2,151.7,1,1,1.648658626,3.855452654,2.756840365,3.683866912,2.890371758,4,0
2,6,27,1,5,26,4,2,0,0,5,5.6,30.35,0,0,1.722766598,,,,3.258096538,1,1
2,48,42,0,21,46,4,4,0,0,1,14.45,618.1,0,0,2.670694415,,3.725693427,,3.828641396,3,0
2,50,25,0,6,19,1,5,0,0,3,7.25,356.15,0,0,1.981001469,,2.014903021,,2.944438979,1,0
3,20,41,1,19,58,2,6,0,1,2,5.25,98.2,0,0,1.658228077,,,,4.060443011,2,0
3,61,73,0,10,25,1,21,1,0,1,16.65,965.6,0,0,2.812410216,,4.262679877,,3.218875825,1,0
2,6,21,0,0,15,2,1,0,1,1,3.65,19.4,0,0,1.294727168,,,,2.708050201,1,0
2,1,22,0,2,35,2,2,0,0,1,1.65,1.65,1,1,0.500775288,,,,3.555348061,1,1
1,21,43,0,13,41,2,1,0,1,1,6.15,118.15,1,1,1.816452082,3.815512105,2.505525937,3.617651945,3.713572067,4,1
3,7,32,0,1,71,4,3,0,0,2,3.6,19.1,1,1,1.280933845,3.713572067,,3.333988632,4.262679877,4,0
3,65,56,1,19,608,3,34,0,1,2,14.55,964.85,0,0,2.677590994,,3.008154794,4.223909767,6.410174882,4,0
1,64,37,0,10,44,4,9,0,1,1,16.15,965.3,0,1,2.78192005,3.556775613,3.091042453,,3.784189634,2,0
3,4,30,0,0,41,2,0,0,0,2,2,9.9,0,0,0.693147181,,,,3.713572067,3,1
1,67,45,1,22,83,3,11,0,1,2,27,1724.8,0,1,3.295836866,,2.374905755,,4.418840608,2,0
2,22,35,0,12,28,2,3,0,0,2,6.6,180.55,1,0,1.887069649,,,,3.33220451,2,1
3,51,37,1,17,101,2,10,0,1,2,14.95,736.85,0,0,2.7047113,,2.251291799,,4.615120517,3,0
1,50,28,0,6,28,1,10,0,1,1,6.4,330.95,0,0,1.85629799,3.606855619,2.545531272,3.091042453,3.33220451,3,0
1,31,47,1,18,35,2,0,0,0,2,11.95,390.6,0,0,2.480731278,,,,3.555348061,1,0
3,4,28,0,0,39,2,3,0,1,1,7.1,23.8,0,0,1.960094784,,2.545531272,,3.663561646,3,1
3,60,56,0,19,51,4,11,0,0,1,15.25,873.7,1,1,2.724579503,4.050915004,3.349904087,4.204692619,3.931825633,4,0
3,7,31,1,12,31,2,7,0,1,6,5.05,38.05,0,1,1.619388243,,,,3.433987204,1,1
3,20,40,0,2,209,4,15,0,1,1,7.2,172.1,0,1,1.974081026,,1.558144618,,5.342334252,2,0
2,19,23,1,4,37,3,1,0,1,4,8.4,136.05,0,0,2.128231706,3.210843653,,,3.610917913,3,1
3,58,37,1,5,64,4,8,0,1,2,10.8,634.75,1,1,2.379546134,4.147095128,3.630985476,4.697749367,4.158883083,4,1
3,65,64,0,20,88,3,26,0,1,1,15.1,1017.9,1,1,2.714694744,3.686376324,3.17805383,3.887730313,4.477336814,4,1
3,72,61,1,34,61,1,8,0,0,3,27.35,1980.15,0,0,3.308716529,,2.583997552,,4.110873864,2,0
3,8,42,0,3,66,3,10,0,0,1,1.95,16.85,1,1,0.667829373,,3.314186005,3.068052935,4.189654742,4,0
2,33,40,1,14,19,3,5,0,0,2,5.05,178.9,0,0,1.619388243,,2.140066163,,2.944438979,1,0
3,18,34,1,4,42,2,14,0,1,5,6.45,104.05,0,0,1.864080131,,2.833213344,,3.737669618,4,0
2,24,31,1,6,41,2,13,0,0,5,8.5,196.8,0,0,2.140066163,,2.564949357,,3.713572067,3,0
3,70,36,0,8,50,1,15,0,1,1,20.55,1407.15,0,0,3.022860941,,3.032546247,,3.912023005,2,0
1,7,38,0,4,70,4,4,0,0,1,3.85,26.65,1,1,1.348073148,3.646754528,1.945910149,2.87356464,4.248495242,4,1
3,70,59,0,27,85,1,19,0,1,1,38.9,2711,0,0,3.660994251,,4.127134385,,4.442651256,3,0
2,20,48,1,21,45,3,2,0,1,2,10.7,192.15,0,0,2.370243741,,3.314186005,3.380994674,3.80666249,3,1
3,54,32,1,12,27,1,9,0,0,2,33.95,1801.3,0,0,3.524888854,,3.188416617,,3.295836866,2,0
3,36,48,0,28,29,1,2,0,0,1,6,222.8,0,0,1.791759469,,,,3.36729583,1,0
3,71,53,1,29,48,4,0,0,1,2,34.95,2506.05,0,0,3.553918469,,3.583518938,,3.871201011,3,0
1,17,41,0,4,32,2,3,0,0,1,12.6,208,0,0,2.533696814,,1.909542505,,3.465735903,3,0
1,18,45,1,17,43,1,9,0,0,3,4.45,78.65,0,0,1.492904096,,2.621038824,,3.761200116,3,0
1,16,27,0,8,16,5,0,0,1,1,5.45,102.75,0,1,1.695615609,3.803323589,2.602689685,3.523415014,2.772588722,4,1
3,38,30,1,6,22,2,3,0,1,2,5.6,215.05,1,1,1.722766598,,2.505525937,,3.091042453,2,0
1,52,45,1,19,40,3,9,0,1,3,8.45,512.65,1,1,2.134166441,3.536602019,2.674148649,3.529297384,3.688879454,4,0
1,46,48,1,12,256,3,25,0,0,6,13.8,612.55,1,0,2.624668592,3.776203282,2.931193752,4.189654742,5.545177444,4,0
2,31,46,0,23,144,4,13,0,0,1,7.6,271.55,1,1,2.028148247,,2.277267285,,4.9698133,3,0
2,23,31,0,10,45,4,0,0,0,2,5,119.5,1,1,1.609437912,,,,3.80666249,2,0
2,38,56,1,34,34,2,0,0,1,3,7.8,272.75,1,0,2.054123734,,,3.2047769,3.526360525,3,0
2,50,54,0,15,248,3,28,0,1,1,11.05,497.9,0,0,2.402430428,,1.704748092,3.372454913,5.513428746,3,0
2,16,49,0,17,41,2,5,0,0,1,4.1,62.45,1,0,1.410986974,3.667400422,,3.45946629,3.713572067,4,0
2,14,34,1,4,27,4,1,0,1,2,6.05,90.2,1,1,1.800058272,3.590439381,3.020424886,3.63363098,3.295836866,4,0
2,30,52,0,23,17,3,3,0,1,1,10.3,367.4,1,0,2.332143895,3.62700405,2.724579503,,2.833213344,2,1
3,22,47,1,0,44,4,11,0,1,3,9,194.55,1,1,2.197224577,3.926911618,4.047427642,4.043051268,3.784189634,4,1
1,38,55,1,12,135,2,24,0,0,4,12.15,467.75,1,1,2.49732917,,2.788092909,,4.905274778,4,0
3,59,26,1,3,41,4,1,0,1,3,12.65,804,1,0,2.537657215,3.55820113,3.844814256,3.372454913,3.713572067,2,1
2,54,55,0,1,587,3,33,0,0,1,13,650.85,0,0,2.564949357,,,,6.37502482,3,0
3,9,40,0,13,38,4,7,0,1,1,3.35,37.7,1,1,1.208960346,3.747148362,2.862200881,4.086816296,3.63758616,4,1
1,67,67,1,38,49,2,10,0,1,2,14.3,924.55,1,1,2.660259537,3.375879574,3.228826156,,3.891820298,2,0
2,24,44,0,19,33,3,0,0,1,2,4.65,100.95,0,1,1.53686722,3.282789151,,,3.496507561,1,0
2,12,55,1,13,36,1,5,0,1,2,5.95,73.35,1,0,1.78339122,3.279029748,,,3.583518938,2,1
1,26,47,0,13,54,3,0,0,0,1,7.1,205.4,1,1,1.960094784,3.650658241,2.890371758,3.157000421,3.988984047,2,0
2,3,32,0,4,58,2,11,0,0,4,2.75,5.7,0,1,1.011600912,3.384390263,2.224623552,3.351656936,4.060443011,4,1
2,20,46,0,2,23,5,4,0,1,2,4.75,82.3,1,1,1.558144618,,,,3.135494216,4,0
3,5,52,1,0,97,5,9,0,0,2,3.1,12.9,1,0,1.131402111,3.562465529,3.238678452,3.696351469,4.574710979,4,1
3,58,53,0,19,207,3,12,0,1,1,7.3,447.15,1,1,1.987874348,3.935739532,3.091042453,4.139955073,5.332718793,4,1
1,54,28,1,2,21,3,3,0,0,4,10.4,567.55,0,0,2.341805806,,3.248434627,,3.044522438,1,0
2,52,39,0,6,119,3,18,0,1,1,10.5,556.5,0,1,2.351375257,,2.1102132,,4.779123493,1,0
2,38,30,1,10,25,1,5,0,1,4,3.95,179.75,0,0,1.373715579,,2.48490665,,3.218875825,1,0
2,19,46,0,5,59,3,17,0,0,1,5.6,97.25,0,0,1.722766598,,,,4.077537444,1,0
2,22,33,1,2,24,1,3,0,0,4,7.1,153.4,0,1,1.960094784,,,,3.17805383,1,0
1,49,35,1,15,113,4,4,0,0,5,16.1,818.45,0,1,2.778819272,,,,4.727387819,2,0
3,5,39,0,0,22,1,0,0,1,2,4.7,32.95,0,0,1.547562509,,2.224623552,,3.091042453,3,0
2,18,69,0,28,11,1,17,1,0,1,3.85,62.75,0,0,1.348073148,,,,2.397895273,1,0
3,43,29,0,4,33,1,13,0,1,4,22.05,1042.95,0,0,3.093312602,,2.014903021,3.216873822,3.496507561,3,0
3,17,50,0,2,205,5,19,0,0,1,6.95,121.45,1,1,1.93874166,3.636269504,,3.601413428,5.323009979,4,1
2,37,33,0,4,41,3,8,0,1,3,9.2,347.1,0,1,2.219203484,3.416085994,,,3.713572067,2,1
2,8,39,0,0,39,1,7,0,1,1,3.15,29.05,0,0,1.147402453,,,,3.663561646,1,0
2,51,46,1,8,107,2,21,0,1,6,17.3,840,0,0,2.850706502,,3.135494216,3.621670704,4.672828834,3,0
1,71,55,1,11,198,1,31,0,1,3,17.8,1218,0,0,2.879198457,,3.465735903,,5.288267031,3,0
1,56,53,1,23,100,5,14,0,1,2,14.15,752.9,1,1,2.649714624,3.532225644,2.251291799,,4.605170186,2,0
3,70,68,0,21,1131,2,45,0,0,1,14.85,1104.4,0,0,2.697999865,,2.708050201,3.676300672,7.030857476,3,0
1,62,53,0,14,360,3,26,0,1,2,31.9,1892.85,0,0,3.46260601,,2.803360381,,5.886104031,3,0
1,50,52,1,22,162,2,27,0,1,2,12.85,599.05,0,1,2.553343811,3.895893623,2.656756907,3.757705645,5.087596335,4,0
3,1,31,0,3,29,5,2,0,1,3,1.45,1.45,1,1,0.371563556,3.228826156,,,3.36729583,1,1
3,15,26,0,1,38,4,1,0,0,2,7.4,91.7,1,1,2.00148,3.56671182,,,3.63758616,4,1
3,72,55,1,24,82,3,25,0,1,2,62.3,4333,0,1,4.131961426,3.573749147,4.178226046,,4.406719247,2,0
2,69,47,1,10,159,2,24,0,0,4,25.2,1714.7,0,0,3.226843995,,3.590439381,,5.068904202,3,1
2,32,44,0,10,201,2,24,0,0,1,7.65,237.85,0,0,2.034705648,,2.917770732,,5.303304908,3,0
1,19,25,1,6,27,4,0,0,1,2,9.55,172.55,0,0,2.256541154,,3.548179572,,3.295836866,3,1
2,42,54,0,19,57,3,10,0,1,1,8.7,356.45,1,1,2.163323026,3.853334009,2.463853241,3.860729711,4.043051268,4,0
3,51,49,0,29,45,1,16,0,0,1,15.7,815.05,0,0,2.753660712,,2.140066163,,3.80666249,1,0
2,32,22,1,2,17,2,2,0,1,4,4.8,157.25,0,0,1.568615918,,2.944438979,,2.833213344,3,1
3,26,55,1,13,61,1,26,0,0,2,4.25,102.45,0,0,1.446918983,,2.48490665,,4.110873864,3,0
2,39,44,1,14,418,4,18,0,0,2,7.05,269,0,0,1.953027617,,2.862200881,,6.035481433,4,0
2,72,53,0,12,152,2,32,0,1,1,43.25,3115,1,0,3.766997233,,2.957511061,3.804437795,5.023880521,4,0
2,4,39,0,11,38,4,1,0,0,2,2.8,9.35,1,0,1.029619417,,2.621038824,3.407841924,3.63758616,4,1
2,54,50,1,5,151,4,20,0,0,3,21.95,1248.25,0,0,3.08876714,,3.248434627,3.08190997,5.017279837,3,0
1,34,40,1,21,23,4,9,0,1,3,5.95,207.7,1,1,1.78339122,3.815512105,2.818398258,3.629660094,3.135494216,4,0
1,20,25,1,4,33,4,0,0,1,3,4.55,115.65,1,1,1.515127233,,2.957511061,3.297687005,3.496507561,1,0
3,14,49,0,4,26,1,8,0,0,1,6.5,86.7,0,0,1.871802177,,2.674148649,,3.258096538,1,0
1,61,59,0,26,89,1,40,1,1,1,17.35,988.8,0,0,2.853592506,,3.375879574,,4.48863637,3,0
2,4,24,0,2,25,4,0,0,0,1,3.75,12.4,1,0,1.32175584,,2.756840365,,3.218875825,1,1
3,16,48,0,25,59,2,13,0,0,2,7.85,104.9,0,0,2.060513532,,2.63905733,,4.077537444,3,1
1,13,41,0,9,55,2,12,0,1,3,4.85,55.65,0,1,1.578978705,,,,4.007333185,1,0
2,53,37,1,18,25,3,6,0,1,2,9.95,558.15,1,1,2.297572551,3.355153443,3.157000421,,3.218875825,2,1
2,58,36,1,13,39,2,8,0,1,7,16.4,933.1,1,1,2.797281335,,4.016383021,4.043928076,3.663561646,4,1
2,25,38,1,19,56,1,19,0,1,2,10.55,290.25,0,0,2.35612586,3.464172181,3.488902962,3.163363115,4.025351691,3,0
1,71,61,1,19,155,3,30,0,0,2,23.9,1684.05,0,0,3.173878459,,2.708050201,,5.043425117,3,0
1,22,33,1,13,119,5,0,0,1,4,4.3,88.5,1,1,1.458615023,3.943521672,,4.100160948,4.779123493,4,1
1,46,48,1,15,64,3,20,0,0,2,10.2,393.55,0,1,2.32238772,3.693866996,2.442347035,3.144152279,4.158883083,3,0
3,66,50,1,2,333,5,24,0,0,2,10.3,659.55,1,0,2.332143895,,2.656756907,,5.80814249,2,0
1,69,58,1,29,26,2,7,0,1,3,32.65,2321.8,1,0,3.485844856,3.988984047,3.375879574,3.924939231,3.258096538,4,0
2,38,49,1,3,33,4,11,0,0,4,6.85,285.55,1,1,1.924248652,3.740047741,,3.224857897,3.496507561,2,0
3,16,35,0,7,46,3,3,0,0,1,5.1,74.1,0,1,1.62924054,3.301377046,,,3.828641396,1,0
3,44,39,1,8,41,2,8,0,0,4,7.55,353.3,1,1,2.021547563,,2.327277706,,3.713572067,4,0
1,50,50,0,24,31,1,8,0,0,1,11.95,540.5,0,0,2.480731278,,3.341093458,,3.433987204,3,0
3,10,23,0,1,29,4,0,0,1,1,4.95,62.1,1,1,1.599387577,3.974997805,3.576550269,3.920982747,3.36729583,4,0
2,7,41,0,6,94,2,16,0,0,1,3.85,27.95,0,1,1.348073148,3.628332954,2.197224577,3.723280881,4.543294782,4,0
3,71,48,0,25,288,3,19,0,0,1,30.9,2123.6,0,0,3.430756184,,2.983153491,,5.66296048,1,0
3,16,39,1,5,31,1,4,0,1,5,5,69.6,0,0,1.609437912,,,,3.433987204,1,0
3,6,20,0,0,25,2,0,0,1,2,1.9,19.3,0,0,0.641853886,,2.740840024,,3.218875825,3,0
2,46,55,0,24,269,2,35,0,0,1,10.1,449.7,0,0,2.312535424,,2.890371758,,5.59471138,3,0
3,51,49,1,13,203,3,27,0,0,4,17.6,961.9,0,0,2.867898902,,3.079613758,,5.313205979,3,0
3,5,34,0,12,22,2,2,0,0,2,3.6,16.1,0,1,1.280933845,3.349904087,,2.960105096,3.091042453,1,1
2,49,54,1,23,25,2,1,0,1,4,14.65,719.5,0,0,2.684440335,,3.719651113,,3.218875825,1,0
3,49,51,1,14,222,5,16,0,0,2,12.25,575.6,1,1,2.505525937,,,,5.402677382,2,0
1,26,30,1,4,76,3,7,0,0,2,9.45,214.7,0,1,2.246014742,3.374168709,,,4.33073334,1,0
3,22,39,0,4,55,2,17,0,1,1,5.4,81.55,1,1,1.686398954,,2.876385516,3.916015027,4.007333185,4,1
3,51,45,1,4,46,3,6,0,0,2,20.7,1082.4,1,0,3.0301337,3.884651809,3.473518043,3.884651809,3.828641396,4,0
1,19,27,1,7,56,4,1,0,0,4,4.75,97.85,1,1,1.558144618,3.835141961,3.079613758,3.629660094,4.025351691,4,1
1,9,36,0,1,79,3,11,0,1,5,5.8,44.55,0,0,1.757857918,3.518980417,3.425889994,3.254242969,4.369447852,3,1
3,15,25,1,0,51,3,2,0,1,2,3.15,45.35,0,0,1.147402453,,,,3.931825633,1,0
2,57,63,0,19,61,1,27,0,0,1,12.7,767.75,0,0,2.541601993,,3.518980417,,4.110873864,3,0
3,48,45,0,15,41,1,10,0,1,2,10.2,445.7,0,0,2.32238772,,,,3.713572067,1,0
2,9,53,1,20,50,2,13,0,1,2,3.1,22,0,1,1.131402111,3.06105174,,,3.912023005,1,1
1,61,52,0,21,82,1,18,0,0,1,12.1,751.75,0,0,2.493205453,,2.756840365,,4.406719247,3,0
3,72,53,0,34,108,1,23,0,0,1,32.55,2361.35,0,0,3.482777369,,2.691243083,3.70745584,4.682131227,3,0
3,57,60,0,20,14,2,27,1,1,1,16.1,938.65,0,0,2.778819272,,2.463853241,,2.63905733,3,0
2,57,51,0,10,46,1,13,0,0,1,15.1,901.05,1,0,2.714694744,,2.014903021,,3.828641396,2,0
1,37,60,1,0,46,1,20,0,0,3,8.8,293.65,0,0,2.174751721,,3.091042453,,3.828641396,3,0
3,45,51,0,13,146,4,16,0,0,2,20.25,869.75,0,1,3.008154794,,3.630985476,,4.983606622,1,0
3,45,39,1,15,36,1,11,0,1,5,15.2,736.75,1,0,2.721295428,,2.656756907,,3.583518938,1,0
2,55,44,0,24,83,1,23,0,1,1,17.35,973.1,0,0,2.853592506,,2.656756907,,4.418840608,3,0
2,24,27,0,2,17,3,3,0,0,5,5.2,89,0,0,1.648658626,,,,2.833213344,2,1
3,1,20,0,1,18,3,0,0,0,1,4.2,4.2,1,1,1.435084525,3.527830033,,2.824350657,2.890371758,1,1
2,34,23,1,3,24,1,7,0,1,4,6,203.25,0,0,1.791759469,,2.545531272,,3.17805383,3,0
3,14,37,1,5,48,3,1,0,1,4,4.9,78.2,0,0,1.589235205,,,,3.871201011,1,0
3,6,32,0,10,47,1,10,0,0,1,3.85,29.9,0,0,1.348073148,,2.525728644,,3.850147602,3,0
3,24,30,0,0,25,4,5,0,0,2,8.7,186.6,1,1,2.163323026,,3.488902962,4.158883083,3.218875825,4,1
2,3,26,1,6,59,4,0,0,1,3,2.55,2.7,0,0,0.936093359,3.387774361,2.374905755,2.954910279,4.077537444,4,1
1,4,30,0,1,45,4,6,0,0,3,3.65,8.85,1,1,1.294727168,3.532225644,3.36729583,,3.80666249,4,1
1,72,40,1,19,163,4,15,0,0,2,39,2914,0,1,3.663561646,,2.691243083,,5.093750201,2,0
1,44,56,0,4,63,2,6,0,1,1,7.5,342.2,0,0,2.014903021,,,,4.143134726,3,1
1,50,43,0,6,27,3,4,0,0,1,15,817.85,0,0,2.708050201,,3.965563772,,3.295836866,3,0
2,61,50,1,16,190,2,22,0,1,2,16.85,1063.15,1,1,2.824350657,3.750679855,3.277144733,3.786459782,5.247024072,2,0
1,34,52,1,2,106,2,19,0,0,2,4.95,153.5,1,0,1.599387577,,2.602689685,,4.663439094,3,0
3,26,54,1,30,26,3,1,0,1,2,5.2,149.2,0,1,1.648658626,,3.16758253,3.669951444,3.258096538,4,1
1,15,46,1,17,63,5,1,0,0,2,3.7,40.55,1,1,1.30833282,3.749504076,,3.499533282,4.143134726,4,1
3,10,39,0,0,27,3,0,0,1,3,3,32.25,0,1,1.098612289,3.369018483,,,3.295836866,1,0
1,7,34,0,2,22,5,5,0,1,1,4.65,29.35,0,0,1.53686722,3.242592351,,,3.091042453,1,0
3,67,59,0,40,944,5,33,0,1,1,26.75,1837.55,1,1,3.286534473,3.999117712,3.576550269,4.186619838,6.850126166,4,0
3,70,49,0,18,87,2,22,0,1,1,25.6,1841.85,0,0,3.242592351,,3.228826156,,4.465908119,3,0
3,50,36,1,7,39,3,3,0,1,3,13.15,665.4,1,1,2.576421759,3.514526067,2.788092909,,3.663561646,2,1
